fc_l1,fc_l2,fc_l3,fc_l4,fc_l5,fc_l6,fc_l7,fc_l8,fc_l9,fc_l10,fc_l11,fc_l12,date
0.0,0.0,0.0,0.0,0.0,0.0,0.0,0.0,0.0,0.0,0.0,0.0,2000-01-01
0.0,0.0,0.0,0.0,0.0,0.0,0.0,0.0,0.0,0.0,0.0,0.0,2000-02-01
0.0,0.0,0.0,0.0,0.0,0.0,0.0,0.0,0.0,0.0,0.0,0.0,2000-03-01
0.0,0.0,0.0,0.0,0.0,0.0,0.0,0.0,0.0,0.0,0.0,0.0,2000-04-01
0.0,0.0,0.0,0.0,0.0,0.0,0.0,0.0,0.0,0.0,0.0,0.0,2000-05-01
0.0,0.0,0.0,0.0,0.0,0.0,0.0,0.0,0.0,0.0,0.0,0.0,2000-06-01
0.0,0.0,0.0,0.0,0.0,0.0,0.0,0.0,0.0,0.0,0.0,0.0,2000-07-01
0.0,0.0,0.0,0.0,0.0,0.0,0.0,0.0,0.0,0.0,0.0,0.0,2000-08-01
0.0,0.0,0.0,0.0,0.0,0.0,0.0,0.0,0.0,0.0,0.0,0.0,2000-09-01
0.0,0.0,0.0,0.0,0.0,0.0,0.0,0.0,0.0,0.0,0.0,0.0,2000-10-01
0.0,0.0,0.0,0.0,0.0,0.0,0.0,0.0,0.0,0.0,0.0,0.0,2000-11-01
-0.74921197,-0.40169445,-0.39999416,-0.247859,-0.43392694,-0.27757052,-0.022748318,-0.048567504,0.005716048,0.01607988,0.07143834,-0.023541588,2000-12-01
-0.70177007,-0.34430876,-0.3669462,-0.23202837,-0.4032463,-0.25099078,-0.0027337186,-0.03505865,0.02439202,0.04620802,0.08311199,0.013964597,2001-01-01
-0.6746873,-0.32077414,-0.34953022,-0.2298521,-0.38927677,-0.23685232,0.010793719,-0.032536134,0.026744734,0.05790406,0.07775256,0.030002836,2001-02-01
-0.60164976,-0.2592569,-0.31601533,-0.19167566,-0.33962756,-0.19941093,-0.004321266,-0.0078243725,0.052013595,0.053950887,0.11046545,0.068122566,2001-03-01
-0.46089664,-0.12849532,-0.25180572,-0.11082931,-0.2378246,-0.113854304,-0.02449683,0.04584838,0.099236906,0.06917156,0.1842921,0.14517957,2001-04-01
-0.31625032,0.012392566,-0.17974958,-0.037503302,-0.12872992,-0.018564995,-0.022022363,0.095261216,0.1405876,0.106004015,0.24833183,0.22039668,2001-05-01
-0.2622672,0.0780686,-0.15405348,-0.0028575025,-0.09000967,0.016643338,-0.014059197,0.11967318,0.15782967,0.14694872,0.28294516,0.25683415,2001-06-01
-0.15770595,0.19809356,-0.0889505,0.065151334,-0.004609376,0.08910191,-0.0062389635,0.15550005,0.19415481,0.20395347,0.30724615,0.30886105,2001-07-01
-0.068803966,0.28460184,-0.037542637,0.1111273,0.06101867,0.13175108,0.0024027452,0.18222666,0.20809604,0.22966196,0.31552002,0.32976148,2001-08-01
-0.061745137,0.29672503,-0.03566457,0.121131316,0.06569055,0.13138892,-0.00076841936,0.18909924,0.21218236,0.245331,0.32550013,0.33417886,2001-09-01
-0.028274938,0.32356074,-0.01515069,0.14260042,0.08591533,0.13659748,0.0062839165,0.19136,0.2079369,0.25667453,0.3151689,0.32615802,2001-10-01
-0.013719365,0.3262419,-0.0069205873,0.14793856,0.09284137,0.1363522,0.010335233,0.18544912,0.2004431,0.25469196,0.3011882,0.31584466,2001-11-01
0.012410987,0.3325265,0.0069035217,0.15426165,0.105183885,0.14034279,0.018226258,0.17609699,0.19077529,0.24567051,0.2772608,0.29669303,2001-12-01
0.026762467,0.3309259,0.009654056,0.15545873,0.10767931,0.14327289,0.02346548,0.17230983,0.18258843,0.23925357,0.2665955,0.28923127,2002-01-01
0.06619665,0.34279746,0.032160085,0.16730778,0.118267536,0.14282621,0.04384963,0.16011743,0.15652986,0.23195536,0.23337547,0.26868212,2002-02-01
0.12700337,0.34162945,0.043098446,0.1853345,0.10951169,0.13223213,0.06864478,0.12834078,0.1049694,0.20151182,0.17291673,0.23299389,2002-03-01
0.1719377,0.3334521,0.04772262,0.18910639,0.09463723,0.10504779,0.08155163,0.08571714,0.06595427,0.1611108,0.11310448,0.19517328,2002-04-01
0.19894545,0.31140018,0.045075167,0.16947243,0.081177235,0.08284293,0.08217503,0.034712132,0.032218385,0.11221595,0.053211983,0.16157435,2002-05-01
0.20024033,0.29531118,0.03634307,0.14837493,0.06816852,0.05845513,0.068021655,-0.011967218,0.0048860945,0.07551174,-0.0030820556,0.12325142,2002-06-01
0.17730522,0.26174843,0.027976263,0.1195412,0.05658782,0.039565098,0.055274617,-0.040475383,-0.014039118,0.04893894,-0.040260863,0.09617403,2002-07-01
0.15237063,0.22305913,0.016943756,0.09088962,0.047857124,0.026920382,0.04608057,-0.06396584,-0.03323096,0.028451633,-0.069012605,0.06909911,2002-08-01
0.12766157,0.18655786,0.0058759414,0.061771754,0.03985248,0.008360848,0.036717165,-0.08676857,-0.05272593,0.0077722073,-0.09781432,0.038431596,2002-09-01
0.107359216,0.1566454,-0.0013160482,0.032156643,0.0340403,-0.0045582056,0.032031666,-0.09587605,-0.06814064,-0.011346489,-0.113065526,0.011220336,2002-10-01
0.10023399,0.142122,-0.0073372014,0.013215721,0.028944213,-0.020595308,0.035871882,-0.1024296,-0.0851254,-0.018120015,-0.12939651,-0.010675617,2002-11-01
0.09300366,0.1302802,-0.013074679,-0.004003592,0.026043516,-0.036877263,0.038198527,-0.1083989,-0.102210164,-0.021376194,-0.14332998,-0.029775742,2002-12-01
0.080718115,0.10802144,-0.026915234,-0.018660093,0.021315735,-0.040369555,0.027153086,-0.10484907,-0.10463625,-0.035892554,-0.13275053,-0.032326296,2003-01-01
0.07316163,0.09581165,-0.032768376,-0.023582809,0.020673435,-0.03609164,0.018220697,-0.10018782,-0.099618405,-0.04388219,-0.11760478,-0.02650738,2003-02-01
0.06908585,0.08920248,-0.036135774,-0.023343273,0.018795278,-0.031959355,0.015578438,-0.09621021,-0.094565645,-0.045890085,-0.10851465,-0.023105567,2003-03-01
0.058563303,0.07847385,-0.040484633,-0.027334545,0.016403101,-0.026628023,0.010870177,-0.09277005,-0.086600825,-0.0505048,-0.09564048,-0.016624153,2003-04-01
-0.034055807,-0.01300982,-0.08553076,-0.07195078,-0.03092137,-0.035188366,0.003395334,-0.083954625,-0.078122094,-0.070252314,-0.059609957,-0.0180502,2003-05-01
-0.16979496,-0.11033501,-0.16052614,-0.10945462,-0.100696966,-0.065648936,-0.012272282,-0.0493633,-0.05491204,-0.05266,0.0056725405,-0.017629908,2003-06-01
-0.22537123,-0.10166076,-0.17486091,-0.09754002,-0.10259716,-0.054688647,-0.019308023,-0.009859506,-0.032852244,-0.004080087,0.060355138,0.023835089,2003-07-01
-0.049150325,0.09604639,-0.06530022,0.015268017,0.0066319183,0.038828287,0.015848827,0.0286736,0.027488958,0.058729265,0.08318019,0.11417094,2003-08-01
0.05466036,0.19206834,-0.00708054,0.07817221,0.06006709,0.0748336,0.040287275,0.036715757,0.051387537,0.08436859,0.08068274,0.14837857,2003-09-01
0.11660634,0.22818534,0.018880684,0.10161437,0.06965384,0.07540113,0.06087597,0.028162818,0.038767237,0.08321895,0.067688346,0.1379016,2003-10-01
0.15501273,0.24229826,0.026889067,0.11236845,0.06817193,0.061971445,0.06195944,-0.0023693256,0.0035420507,0.06487432,0.020694908,0.12076391,2003-11-01
0.1687724,0.24971516,0.023255456,0.11196655,0.058815103,0.045569133,0.057919722,-0.030742614,-0.012955621,0.04979377,-0.021791795,0.09615314,2003-12-01
0.15498546,0.22522189,0.0144282915,0.095636696,0.052804034,0.03486256,0.046476196,-0.049380198,-0.025704969,0.034376014,-0.044193156,0.07806353,2004-01-01
0.14566474,0.20920537,0.009813987,0.08400419,0.046373982,0.02727471,0.0475349,-0.062031053,-0.03424316,0.02693196,-0.061980747,0.06335075,2004-02-01
0.12923877,0.18319021,-0.0011475272,0.06479533,0.04684585,0.027966011,0.03953256,-0.060826875,-0.027814884,0.0152605325,-0.047332887,0.05792195,2004-03-01
0.110564575,0.15879208,-0.009261277,0.051428672,0.046766173,0.034149718,0.03571113,-0.04785542,-0.015128754,0.009215578,-0.020255556,0.060317215,2004-04-01
-0.035413068,0.02204958,-0.09251879,-0.024710229,-0.02713274,0.008463398,0.024350513,-0.026343858,-0.013610942,0.0049594343,0.02361885,0.043681476,2004-05-01
-0.024189943,0.07892509,-0.06966058,0.0071925335,-0.0038123168,0.027308244,0.025365803,0.0011475496,0.013879411,0.038438704,0.052927088,0.08552979,2004-06-01
0.03310294,0.15419465,-0.029261578,0.057289165,0.03754032,0.0600206,0.038553942,0.022449318,0.037395973,0.07219976,0.07028079,0.124236345,2004-07-01
0.11326772,0.21291779,0.014515139,0.0952006,0.06418808,0.06821746,0.062585086,0.01583784,0.029577423,0.07732631,0.055582974,0.12926959,2004-08-01
0.15054058,0.23657088,0.026576612,0.105493814,0.06712651,0.0554926,0.061994378,-0.009615265,-0.0032944754,0.060970496,0.01064758,0.114582285,2004-09-01
0.16222382,0.24133511,0.021079082,0.105171934,0.057577062,0.03977291,0.054628905,-0.03706027,-0.022503175,0.0459979,-0.030190341,0.08816908,2004-10-01
0.1504675,0.2241578,0.017441217,0.08957948,0.048532072,0.022800226,0.049712922,-0.06424287,-0.039189454,0.03176922,-0.071322985,0.066271305,2004-11-01
0.13465853,0.1996118,0.010150734,0.06946735,0.04088598,0.008345619,0.04340003,-0.08488679,-0.053027783,0.016029272,-0.09945431,0.04431015,2004-12-01
0.121881574,0.17756912,0.005147338,0.050621603,0.036229614,-0.0011056364,0.03858066,-0.09399355,-0.063665055,0.0009837411,-0.11299011,0.023871634,2005-01-01
0.112574875,0.1585315,-0.0047887266,0.03854944,0.03433762,-0.00069721043,0.031886455,-0.08789104,-0.05750113,-0.00806677,-0.09195943,0.021991368,2005-02-01
0.027035791,0.049585205,-0.054789357,-0.035233643,-0.006207332,-0.028307728,0.025394771,-0.08640403,-0.074362025,-0.039867416,-0.084355205,-0.008951545,2005-03-01
0.016400866,0.042860296,-0.05823776,-0.0371998,-0.011010144,-0.02798656,0.021722492,-0.07995249,-0.06870499,-0.04451108,-0.06916705,0.0066323653,2005-04-01
0.03895824,0.079290584,-0.04186292,-0.0057670176,0.011500098,0.0006488636,0.022693504,-0.055850312,-0.044560324,-0.0238583,-0.036088943,0.035390254,2005-05-01
0.064270645,0.11209339,-0.024626786,0.01594185,0.029013459,0.01555711,0.031539407,-0.046145905,-0.03246709,-0.0061311163,-0.026765289,0.05578399,2005-06-01
0.06338911,0.121992216,-0.0242088,0.02391896,0.03358255,0.029074166,0.0313407,-0.034792647,-0.011967894,0.004747864,-0.005143583,0.069874,2005-07-01
0.07597032,0.13997552,-0.018475922,0.04287457,0.043310385,0.04613552,0.033822607,-0.021279234,0.007445529,0.01970021,0.01723124,0.08544539,2005-08-01
0.07251346,0.14046687,-0.02169155,0.046895538,0.042126227,0.053328697,0.03846812,-0.0104483515,0.019176845,0.031862494,0.03248738,0.095067486,2005-09-01
-0.042305466,0.07219097,-0.078795865,0.004142031,-0.0031378716,0.036858108,0.02461968,0.010748122,0.020695996,0.053629387,0.06684907,0.092473194,2005-10-01
-0.20111643,-0.0060109273,-0.14703253,-0.03893256,-0.068909004,-0.0062646754,-0.00583338,0.03565556,0.038072336,0.0850493,0.12521772,0.106698364,2005-11-01
-0.3955445,-0.1291363,-0.24301066,-0.099413946,-0.19678521,-0.103244394,-0.011874147,0.023218047,0.03548706,0.097422644,0.14653546,0.07299249,2005-12-01
-0.56577426,-0.2765436,-0.32861608,-0.17262407,-0.3201722,-0.19237098,-0.011908565,-0.012254549,0.009396356,0.07831329,0.10210462,0.004655771,2006-01-01
-0.52181274,-0.21949978,-0.29970795,-0.1426416,-0.28574878,-0.16401361,-0.01982052,0.014371622,0.03682593,0.08611533,0.13596116,0.052314024,2006-02-01
-0.45954028,-0.1372605,-0.25988582,-0.103256315,-0.23990181,-0.11651459,-0.017464973,0.048426617,0.07451454,0.109374434,0.178914,0.12010963,2006-03-01
-0.32696658,0.016775388,-0.1819201,-0.033260766,-0.13941658,-0.027934022,-0.0061497204,0.099095136,0.12970418,0.16165712,0.2414322,0.22344677,2006-04-01
-0.16611803,0.19327068,-0.090757094,0.05974252,-0.014798848,0.074926734,-0.00057152286,0.14770257,0.19495484,0.21097206,0.29202047,0.30725002,2006-05-01
-0.0097862445,0.32417762,0.0013818182,0.13153218,0.09472178,0.14578152,0.026113931,0.18238144,0.19654585,0.23121975,0.2844058,0.32037783,2006-06-01
0.077030644,0.364496,0.051436473,0.16826701,0.12742929,0.15179576,0.06370585,0.16535023,0.15347524,0.2332633,0.23078437,0.28331622,2006-07-01
0.13811079,0.36846665,0.06409362,0.18802896,0.11709994,0.13080254,0.085480526,0.12977746,0.10320273,0.20671241,0.1649325,0.24794228,2006-08-01
0.196609,0.3615047,0.07062663,0.18853556,0.0993419,0.0985401,0.103983566,0.0761745,0.059318524,0.1586459,0.089168295,0.20694278,2006-09-01
0.22825901,0.34776413,0.05730502,0.1687278,0.07722841,0.060678076,0.090623096,-0.0016224459,0.007027913,0.09923063,-0.008963075,0.14695512,2006-10-01
0.19575667,0.3005969,0.04737204,0.12742952,0.052372042,0.013053738,0.073635444,-0.06898874,-0.038286492,0.057710204,-0.10735722,0.08927378,2006-11-01
0.1551515,0.23283233,0.026167993,0.08288872,0.04096711,-0.00064973533,0.055566918,-0.102251425,-0.063985296,0.024914015,-0.1512507,0.041676674,2006-12-01
0.11494681,0.16973282,0.0052872933,0.031035874,0.03266711,-0.014742348,0.04169314,-0.10825834,-0.08382736,-0.0060206726,-0.14782217,0.002723083,2007-01-01
0.09488323,0.12628265,-0.016691366,-0.0042306893,0.027468447,-0.026314246,0.033901457,-0.103900254,-0.088993415,-0.024395067,-0.12900855,-0.019305767,2007-02-01
0.06442845,0.07907127,-0.0423005,-0.029944446,0.015925564,-0.028862532,0.014441915,-0.09486973,-0.0888195,-0.04903658,-0.101095766,-0.021304172,2007-03-01
-0.025877357,-0.008790933,-0.08548431,-0.07311142,-0.029100783,-0.038192518,0.004346229,-0.08630766,-0.0846425,-0.07260287,-0.066006884,-0.022823907,2007-04-01
-0.31676486,-0.23311736,-0.23377219,-0.16829434,-0.18413363,-0.12883537,-0.03184119,-0.06458095,-0.08174052,-0.06952214,-0.010671616,-0.069193676,2007-05-01
-0.57971025,-0.40561864,-0.361118,-0.22659987,-0.34119055,-0.23694503,-0.04512996,-0.07493572,-0.09074896,-0.04099735,0.0019325502,-0.13270417,2007-06-01
-0.57646626,-0.3363287,-0.347408,-0.18666236,-0.3255847,-0.21045794,-0.045483682,-0.02956047,-0.03550487,0.010789581,0.07478279,-0.059780665,2007-07-01
-0.6050165,-0.32664472,-0.35801038,-0.18212916,-0.34273732,-0.2096204,-0.043335658,-0.0151761025,-0.0070792288,0.0332289,0.10395016,-0.03257408,2007-08-01
-0.7140848,-0.4231844,-0.41440862,-0.23277652,-0.42078412,-0.26770812,-0.03989167,-0.046391156,-0.022107223,0.015066493,0.07022637,-0.07996515,2007-09-01
-0.9179316,-0.6521245,-0.5262446,-0.36186746,-0.5684934,-0.38792846,-0.030199867,-0.13729388,-0.102417916,-0.055515096,-0.050426107,-0.23094156,2007-10-01
-1.0939168,-0.8448546,-0.6307329,-0.45650905,-0.68976474,-0.4553716,-0.05304415,-0.19923675,-0.15071613,-0.14033185,-0.124897495,-0.36010012,2007-11-01
-1.1665738,-0.9286838,-0.6885046,-0.49629447,-0.74997866,-0.4906346,-0.054467548,-0.22934982,-0.1852185,-0.1661904,-0.1539662,-0.42479277,2007-12-01
-1.1795938,-0.94278985,-0.6955603,-0.5009367,-0.75724274,-0.4981425,-0.058166943,-0.23649462,-0.19520207,-0.17138676,-0.1613994,-0.43754354,2008-01-01
-1.1711491,-0.93810236,-0.6884932,-0.4977711,-0.7488509,-0.4960032,-0.061178934,-0.23624668,-0.19938804,-0.17469704,-0.16364661,-0.43451294,2008-02-01
-1.1398664,-0.9104366,-0.6585858,-0.4811203,-0.7185022,-0.48696232,-0.06748376,-0.22890607,-0.20170838,-0.17600597,-0.16067871,-0.41178206,2008-03-01
-1.0887365,-0.8654947,-0.6156245,-0.45839792,-0.6752345,-0.47028905,-0.07233981,-0.21764526,-0.19555578,-0.17782764,-0.15573655,-0.37383345,2008-04-01
-1.0229117,-0.8138648,-0.57645833,-0.43343836,-0.63259834,-0.44540057,-0.07242782,-0.20294079,-0.18278605,-0.17735624,-0.1456805,-0.33412084,2008-05-01
-0.9608394,-0.7653569,-0.5465876,-0.40471375,-0.5971852,-0.41706753,-0.0725284,-0.18298355,-0.16825582,-0.16595045,-0.12745227,-0.29648387,2008-06-01
-0.86184275,-0.6722308,-0.48986617,-0.35096946,-0.5323049,-0.3620174,-0.07334846,-0.14456972,-0.13427576,-0.13385385,-0.088822305,-0.22753197,2008-07-01
-0.6925013,-0.4889736,-0.41806266,-0.23496737,-0.42182946,-0.25818154,-0.07485756,-0.055689286,-0.05395747,-0.0654917,0.030282732,-0.09864132,2008-08-01
-0.4930546,-0.23564394,-0.30176112,-0.11659841,-0.2724928,-0.11827926,-0.053285755,0.03840508,0.045763884,0.019635689,0.15919408,0.071373224,2008-09-01
-0.24859008,0.057028186,-0.14508215,0.0019174479,-0.082080916,0.036643315,-0.011527568,0.12309022,0.13956329,0.13586777,0.25645697,0.2466508,2008-10-01
-0.111268684,0.23188289,-0.05161618,0.083504856,0.031308237,0.12035188,0.009894006,0.16043086,0.1974731,0.22011073,0.28026634,0.3261406,2008-11-01
-0.12256327,0.23665242,-0.053059213,0.08712344,0.026352119,0.10732125,0.008968048,0.15615748,0.2063606,0.23926394,0.2788422,0.32446334,2008-12-01
-0.20757003,0.16409746,-0.10034189,0.051406946,-0.03906177,0.053098734,0.0037589222,0.13494593,0.1949612,0.2308148,0.26400256,0.2940821,2009-01-01
-0.28359967,0.08861074,-0.14509909,0.008988339,-0.10198279,0.0063990615,0.0009723678,0.1171149,0.17463003,0.20906256,0.2475558,0.26430723,2009-02-01
-0.27400774,0.09532575,-0.14037137,0.0058335885,-0.09719062,0.00937923,0.0026410297,0.116083264,0.1753778,0.2000213,0.24852063,0.26919654,2009-03-01
-0.15896401,0.20737772,-0.07730448,0.064038426,-0.0058540814,0.07946505,0.0018556677,0.14898099,0.20522563,0.2157859,0.28274927,0.31776074,2009-04-01
-0.023499064,0.31290203,-0.0027732402,0.123007804,0.08802812,0.14104713,0.020467173,0.17803125,0.20159215,0.22558604,0.28004038,0.32744023,2009-05-01
0.06679571,0.36218023,0.04966863,0.16449475,0.124327645,0.15308787,0.062083717,0.1690224,0.15933447,0.23370503,0.23345266,0.29690018,2009-06-01
0.13449176,0.37699872,0.06960355,0.18626921,0.12074274,0.13498965,0.09140362,0.13609906,0.11256643,0.21538834,0.17043164,0.25992504,2009-07-01
0.18607612,0.36664924,0.07296075,0.18611968,0.10417031,0.104323566,0.103780374,0.08617623,0.07021026,0.16821794,0.10115105,0.21896745,2009-08-01
0.22362258,0.34880298,0.06306361,0.17350402,0.0860987,0.07959728,0.10092722,0.0251997,0.029087495,0.11417182,0.032627057,0.17318575,2009-09-01
0.2099619,0.3172844,0.04806936,0.14735956,0.06637341,0.045875322,0.07947834,-0.023794204,-0.0069192164,0.07658784,-0.035166875,0.12353355,2009-10-01
0.17871584,0.26911497,0.035919163,0.110121265,0.04615901,0.010017406,0.06606409,-0.07701696,-0.04450028,0.04332598,-0.109901115,0.07368305,2009-11-01
0.13951373,0.21314345,0.022882354,0.06768125,0.0375986,-0.006186057,0.052219,-0.10754393,-0.07554497,0.015267301,-0.15665548,0.025549535,2009-12-01
0.10679893,0.15794112,0.0003453791,0.014781278,0.029232878,-0.031963352,0.04443262,-0.11560668,-0.10266368,-0.009270601,-0.16065311,-0.017666765,2010-01-01
0.08807744,0.12349863,-0.018968975,-0.018980242,0.026076395,-0.045951433,0.031071711,-0.11389139,-0.11513549,-0.031303924,-0.14757746,-0.038227372,2010-02-01
0.073626444,0.10264973,-0.031988207,-0.032648593,0.020413574,-0.0516723,0.017242257,-0.111673206,-0.122735694,-0.048204545,-0.13999979,-0.040800214,2010-03-01
0.06384699,0.08433622,-0.044418465,-0.040485762,0.010394752,-0.05763009,0.012653254,-0.108353704,-0.12521513,-0.059972424,-0.13600099,-0.044045895,2010-04-01
0.028141093,0.04836612,-0.063354686,-0.059148274,-0.0061476827,-0.0559375,0.0036038458,-0.10363456,-0.11725947,-0.07378584,-0.11090018,-0.038785707,2010-05-01
-0.02713496,-0.004362896,-0.085156105,-0.08117607,-0.029602814,-0.052479148,-0.0013327636,-0.09400709,-0.10028976,-0.08592431,-0.08083871,-0.03041339,2010-06-01
-0.41133907,-0.31925803,-0.27563006,-0.21222425,-0.24998407,-0.17535563,-0.040922675,-0.08879164,-0.1005214,-0.104852736,-0.0441159,-0.10818133,2010-07-01
-0.89159966,-0.693387,-0.5139354,-0.37070382,-0.54844445,-0.38170657,-0.06815383,-0.16279437,-0.1571414,-0.13743585,-0.10122306,-0.2830787,2010-08-01
-1.0987985,-0.87309605,-0.63774246,-0.45989016,-0.6949034,-0.47046548,-0.06811977,-0.21331863,-0.19175889,-0.16675422,-0.14573742,-0.38775933,2010-09-01
-1.1598717,-0.92760754,-0.6800849,-0.4872304,-0.74123526,-0.49237236,-0.06596258,-0.23173715,-0.20390071,-0.17409593,-0.1612004,-0.42513606,2010-10-01
-1.1741537,-0.94093335,-0.6919334,-0.4940845,-0.75356954,-0.4964134,-0.06431728,-0.23733328,-0.2084285,-0.17520621,-0.1653447,-0.4368549,2010-11-01
-1.1842146,-0.9516712,-0.7037694,-0.50137496,-0.76416737,-0.4981113,-0.06161203,-0.24089132,-0.20900714,-0.17567496,-0.16823453,-0.4469666,2010-12-01
-1.1775674,-0.9458623,-0.6962014,-0.49785885,-0.75646275,-0.49656802,-0.06327528,-0.23936944,-0.20940953,-0.17617235,-0.16816887,-0.44146082,2011-01-01
-1.1566335,-0.9273855,-0.6774641,-0.48879883,-0.7371335,-0.48990265,-0.065240555,-0.23430215,-0.20841323,-0.17609358,-0.1652501,-0.42756307,2011-02-01
-1.1372181,-0.9099472,-0.6589361,-0.47996458,-0.71787226,-0.4842833,-0.068323724,-0.2297432,-0.20597103,-0.17723086,-0.16344175,-0.41241357,2011-03-01
-1.1083876,-0.883688,-0.6320003,-0.467744,-0.6934165,-0.4776125,-0.07098726,-0.2238922,-0.20119572,-0.18018186,-0.16176902,-0.38860446,2011-04-01
-1.0463461,-0.834222,-0.5910769,-0.44511247,-0.6498447,-0.45530576,-0.07120619,-0.2116747,-0.19012238,-0.18127811,-0.15404007,-0.35076964,2011-05-01
-0.952555,-0.7686421,-0.54621845,-0.4086303,-0.5941737,-0.41447276,-0.068553135,-0.18621038,-0.174324,-0.17223209,-0.13094379,-0.3035509,2011-06-01
-0.8435039,-0.66917163,-0.48515898,-0.3525156,-0.52216977,-0.35021737,-0.06964527,-0.14334288,-0.1347473,-0.14013906,-0.08809736,-0.23154768,2011-07-01
-0.666207,-0.45793584,-0.401492,-0.21976835,-0.3979088,-0.23949337,-0.07781929,-0.04810385,-0.042805932,-0.057504844,0.044065166,-0.081618614,2011-08-01
-0.5867388,-0.3085969,-0.34816316,-0.15065137,-0.33352265,-0.17660978,-0.06322534,0.00961224,0.028680425,0.013324518,0.13535479,0.02841277,2011-09-01
-0.588376,-0.26380807,-0.33061606,-0.14743632,-0.327543,-0.17559154,-0.04040227,0.019839983,0.0545122,0.05771837,0.1533197,0.07007949,2011-10-01
-0.54313165,-0.1875319,-0.2874971,-0.13335371,-0.29575646,-0.15247656,-0.0070961304,0.033450175,0.07618371,0.11176729,0.16356236,0.1237915,2011-11-01
-0.64446014,-0.28673407,-0.3298623,-0.20443328,-0.37058294,-0.21887203,0.019523464,-0.01590931,0.030596253,0.10155365,0.088322625,0.058718655,2011-12-01
-0.7025037,-0.37699255,-0.37105516,-0.25717902,-0.42481473,-0.2700235,0.028607082,-0.05741205,-0.0068529807,0.06644389,0.03168487,-0.014039416,2012-01-01
-0.64496857,-0.34459898,-0.3577188,-0.23660769,-0.3972105,-0.24444541,0.012783587,-0.0456914,0.0064427108,0.035633016,0.049058896,0.0025213957,2012-02-01
-0.66952765,-0.38242117,-0.37775138,-0.23495315,-0.4039717,-0.2535006,-0.026515907,-0.047597535,0.001155261,-0.015230643,0.05466749,-0.020781426,2012-03-01
-0.56753564,-0.28081027,-0.3246075,-0.16823497,-0.32286885,-0.18464684,-0.0416113,-0.0002225712,0.036350068,0.0069023594,0.11934692,0.043048818,2012-04-01
-0.36236814,-0.061633907,-0.21448056,-0.063103676,-0.16925429,-0.04393606,-0.028059574,0.07777837,0.11035156,0.074935555,0.21956791,0.17427737,2012-05-01
-0.16658291,0.1446225,-0.09921512,0.032454465,-0.018190669,0.08358535,0.00037321448,0.13805662,0.1610083,0.152158,0.26818228,0.27936205,2012-06-01
-0.014095016,0.30173522,0.000718575,0.11890468,0.08114557,0.14879522,0.03907549,0.16690399,0.17756303,0.20676455,0.24510638,0.31405178,2012-07-01
0.10241468,0.36504582,0.06532073,0.16796896,0.120502576,0.14675316,0.08245148,0.14592923,0.12941681,0.21297248,0.1830714,0.27483666,2012-08-01
0.17031315,0.3554338,0.06813277,0.17421535,0.10351306,0.107772335,0.095964074,0.08840853,0.07685751,0.16292016,0.10467853,0.2182992,2012-09-01
0.20252718,0.3106207,0.04653949,0.15660447,0.07867396,0.08078414,0.084785804,0.023204427,0.0312084,0.09761642,0.041384947,0.15965745,2012-10-01
0.17992741,0.25865272,0.022806432,0.1234213,0.060933445,0.058693614,0.057203505,-0.017610852,0.004177645,0.053360503,0.00019416586,0.11070411,2012-11-01
0.12094073,0.18055569,-0.002194114,0.07168129,0.052344467,0.051480833,0.047388624,-0.029687535,0.010574732,0.032957602,0.0062993653,0.09003179,2012-12-01
-0.05130183,0.029570248,-0.09578031,-0.019396743,-0.031079069,0.007053837,0.018519659,-0.018574864,0.0051804446,0.012927115,0.039557952,0.052391376,2013-01-01
-0.17221552,-0.027019389,-0.13981561,-0.055021532,-0.067051254,-0.016920628,-0.005701497,0.0071463063,0.011347823,0.032370735,0.07738501,0.06356913,2013-02-01
-0.33173758,-0.11398913,-0.21182784,-0.09555726,-0.15259238,-0.07281077,-0.01787745,0.018305447,0.016045146,0.05811126,0.12033446,0.06262402,2013-03-01
-0.27002642,-0.0008294061,-0.16468608,-0.031757586,-0.09707486,-0.012165751,-0.014266362,0.06987269,0.07649231,0.12322751,0.18435512,0.15450338,2013-04-01
-0.34231606,-0.030140214,-0.20387639,-0.04955152,-0.15186399,-0.048147056,-0.011628889,0.072503954,0.09223819,0.14255808,0.2115878,0.16240413,2013-05-01
-0.45010558,-0.113410935,-0.26048034,-0.09267342,-0.23565051,-0.10594571,-0.005553484,0.053440522,0.081133425,0.14658614,0.19333962,0.13163772,2013-06-01
-0.45557797,-0.10607661,-0.2594305,-0.095102,-0.24208504,-0.10817225,0.00011659786,0.056222524,0.092867136,0.1524711,0.19819649,0.14530477,2013-07-01
-0.3523433,0.016440842,-0.2000235,-0.03936811,-0.16404411,-0.046664864,0.0003485903,0.0944356,0.14484091,0.18090269,0.2492541,0.21937193,2013-08-01
-0.21643938,0.16674246,-0.12213743,0.04300325,-0.056611635,0.042419743,-0.00270975,0.1409231,0.2037536,0.2202271,0.29665202,0.2951486,2013-09-01
-0.11008528,0.26735023,-0.05935853,0.09479202,0.03209329,0.104895726,0.00095979124,0.17266586,0.22523268,0.23811682,0.31499383,0.3319373,2013-10-01
-0.02756697,0.32325274,-0.011737904,0.12789093,0.0868714,0.13946305,0.017549012,0.1876466,0.21299268,0.24000241,0.30495575,0.32823136,2013-11-01
0.014654271,0.34321353,0.013889048,0.14247282,0.11068384,0.15144913,0.030587751,0.18365909,0.19606954,0.23805453,0.2793486,0.31193578,2013-12-01
0.020820428,0.34229115,0.014916979,0.14669248,0.11157328,0.15310766,0.030045379,0.18435785,0.19278805,0.23976178,0.27625832,0.31018698,2014-01-01
0.06661445,0.35500965,0.041620452,0.16614325,0.1258889,0.15128525,0.04779659,0.16803625,0.16260667,0.23604895,0.2421359,0.28369328,2014-02-01
0.106339425,0.34589282,0.04459798,0.17905758,0.11461356,0.14092231,0.06340164,0.1426434,0.12400967,0.2123983,0.19549654,0.25001088,2014-03-01
0.15125099,0.33918357,0.04905529,0.18739821,0.1017133,0.11589579,0.07563262,0.105409846,0.08321591,0.17920053,0.13864039,0.21352993,2014-04-01
0.19624752,0.3188722,0.048420373,0.17634976,0.08313657,0.086786285,0.08965956,0.050684217,0.042368863,0.12748744,0.06758919,0.17211343,2014-05-01
0.20792748,0.3067786,0.039415803,0.15409754,0.06727266,0.0534958,0.07371387,-0.012878479,0.00328606,0.08060196,-0.011723539,0.12340599,2014-06-01
0.17963257,0.2661589,0.02979118,0.11685622,0.05171301,0.026632693,0.06183612,-0.05525376,-0.026479445,0.049826887,-0.07389662,0.08499125,2014-07-01
0.15342052,0.22257008,0.015934743,0.0860057,0.04139312,0.012616534,0.05257718,-0.08129628,-0.04792543,0.027710956,-0.107204854,0.0546535,2014-08-01
0.1294559,0.18668135,0.005987432,0.058390465,0.0359448,0.0042198785,0.041871194,-0.09107581,-0.059548613,0.006446209,-0.115978986,0.030646656,2014-09-01
0.10982475,0.15758605,-0.0024639368,0.031048935,0.031745713,-0.0032747276,0.035183635,-0.09547688,-0.06817056,-0.011431925,-0.120730534,0.010070261,2014-10-01
0.10261564,0.14517537,-0.0071250163,0.0160738,0.029408958,-0.015718503,0.035584856,-0.10003424,-0.081858635,-0.016802594,-0.12942638,-0.0060175993,2014-11-01
0.09294383,0.12658255,-0.016270764,-0.004449416,0.02659097,-0.02764672,0.034200672,-0.10254067,-0.091465235,-0.02472964,-0.13069904,-0.022263564,2014-12-01
0.0795954,0.10470371,-0.027317552,-0.018817311,0.022849772,-0.0323416,0.024399515,-0.10069357,-0.09568724,-0.036344483,-0.12231359,-0.025410125,2015-01-01
0.07162143,0.090283945,-0.036431555,-0.023513114,0.017728373,-0.03263477,0.018353954,-0.09593412,-0.09463519,-0.04480092,-0.112663224,-0.024312817,2015-02-01
0.070695356,0.09162842,-0.035130583,-0.019062938,0.019301496,-0.02626225,0.015233181,-0.09264022,-0.08739314,-0.044832513,-0.101762414,-0.015964946,2015-03-01
0.0814904,0.10960801,-0.024783473,-0.01036296,0.020881262,-0.031000761,0.026963275,-0.09848364,-0.09493922,-0.034725152,-0.12028296,-0.02290683,2015-04-01
0.0897378,0.12763014,-0.015073495,-0.0091726,0.023794536,-0.044108618,0.036622424,-0.11050077,-0.111205205,-0.025863774,-0.15045749,-0.035252534,2015-05-01
0.09780143,0.14394777,-0.009337638,-0.01080348,0.025165152,-0.05650685,0.043789472,-0.121679515,-0.12977815,-0.021093007,-0.17811742,-0.04722667,2015-06-01
0.09808917,0.14707346,-0.010299392,-0.019696537,0.026557405,-0.06606229,0.042488273,-0.12943105,-0.14564888,-0.023635868,-0.19256039,-0.056155197,2015-07-01
0.09487215,0.14100483,-0.015598429,-0.030748658,0.027304497,-0.0710582,0.038117353,-0.13137452,-0.15414855,-0.030444875,-0.19390093,-0.06258997,2015-08-01
0.09125382,0.13634555,-0.019411221,-0.039296713,0.027525183,-0.07617776,0.03272487,-0.13415004,-0.16302718,-0.03725302,-0.19649068,-0.066733584,2015-09-01
0.08817166,0.1357666,-0.020948144,-0.04443992,0.027997542,-0.081556484,0.02912258,-0.13772221,-0.17229155,-0.041177798,-0.20219482,-0.07081751,2015-10-01
0.087514326,0.13804165,-0.02096892,-0.04772531,0.028341193,-0.08800267,0.02775659,-0.14246021,-0.18158121,-0.0436305,-0.21199489,-0.076324955,2015-11-01
0.079379514,0.1259066,-0.028897278,-0.057663586,0.026434604,-0.09314124,0.019157633,-0.14295259,-0.18718001,-0.053800996,-0.20942286,-0.07808751,2015-12-01
0.070038766,0.11032316,-0.037844382,-0.06519572,0.02350938,-0.092991546,0.009759828,-0.13851075,-0.18642746,-0.0646567,-0.19645162,-0.07584472,2016-01-01
0.061171208,0.0985226,-0.044565134,-0.06909825,0.020154234,-0.091527924,2.7686357e-05,-0.13491233,-0.18411526,-0.07268655,-0.18675353,-0.07429951,2016-02-01
0.05437352,0.0869683,-0.051959284,-0.07370008,0.015483167,-0.09344831,-0.0070154667,-0.13314193,-0.18253772,-0.08082004,-0.18195258,-0.07467089,2016-03-01
0.042643774,0.06581399,-0.06442536,-0.07935606,0.007420033,-0.08814718,-0.013279533,-0.12560193,-0.17394884,-0.08696776,-0.1607469,-0.07080562,2016-04-01
0.038099203,0.054302145,-0.07061879,-0.0784113,0.0009644404,-0.08152121,-0.01382949,-0.11847617,-0.16358046,-0.09011134,-0.14241153,-0.06663144,2016-05-01
0.026272092,0.041393895,-0.075838655,-0.07911372,-0.007395439,-0.078937516,-0.014796266,-0.11434999,-0.15695563,-0.09132102,-0.12878318,-0.062344197,2016-06-01
0.015662253,0.031569544,-0.075641915,-0.0768387,-0.0092291385,-0.06750715,-0.013028182,-0.10744527,-0.13943629,-0.09028785,-0.10943183,-0.050907765,2016-07-01
0.0006066933,0.017571468,-0.07777847,-0.078611396,-0.014380971,-0.056342274,-0.011295024,-0.100514024,-0.1211818,-0.09109317,-0.09044868,-0.038854867,2016-08-01
-0.07064859,-0.052785706,-0.106249794,-0.10205341,-0.05464241,-0.067210004,-0.008732695,-0.08869748,-0.11465429,-0.09648183,-0.07256508,-0.03603719,2016-09-01
-0.11923036,-0.08716537,-0.12591527,-0.10622029,-0.07913397,-0.06039764,-0.0029149055,-0.067565426,-0.08283009,-0.07832222,-0.045596093,-0.027159695,2016-10-01
-0.10646422,-0.04800141,-0.117108196,-0.07262093,-0.06079116,-0.030627448,-0.001933895,-0.036419716,-0.04226046,-0.042096116,0.008290976,0.017519291,2016-11-01
-0.05015808,0.024381723,-0.08243182,-0.02505093,-0.0264658,0.003529951,0.015947156,-0.016298758,-0.013367856,-0.0038135685,0.025204923,0.05864771,2016-12-01
0.01720034,0.09247103,-0.048980832,0.013822887,0.004710123,0.029670436,0.039807055,-0.0073940977,0.004207451,0.02030066,0.021817047,0.083937526,2017-01-01
0.11988844,0.18654805,0.00734023,0.06406379,0.04740906,0.033059675,0.06544161,-0.031750455,-0.017436963,0.03469525,-0.03223291,0.08627549,2017-02-01
0.15136378,0.21637137,0.013768394,0.0710814,0.042372886,0.012574151,0.06608556,-0.06694614,-0.041093722,0.027402986,-0.08990486,0.055090707,2017-03-01
0.1474889,0.20518616,0.009947307,0.06715156,0.034721743,-0.0012703612,0.056363497,-0.08730714,-0.06159237,0.016721416,-0.120629326,0.03509057,2017-04-01
0.13327345,0.18828027,0.007299654,0.052952435,0.032115754,-0.004881967,0.049309615,-0.09565645,-0.06864066,0.004102111,-0.13165589,0.020801377,2017-05-01
0.11576997,0.16360492,-0.0007862076,0.03314409,0.03081939,-0.006428741,0.04074723,-0.09719425,-0.07109731,-0.008996155,-0.12776138,0.00890873,2017-06-01
0.10402015,0.13931179,-0.012209162,0.01391289,0.027815457,-0.009843327,0.035457823,-0.09505232,-0.07068156,-0.021054314,-0.11686392,-0.0017587915,2017-07-01
0.08726838,0.110498026,-0.028001891,-0.0027775578,0.023765434,-0.010148868,0.02343401,-0.08794,-0.06649549,-0.034932207,-0.09509159,-0.0026753023,2017-08-01
0.043818574,0.06530197,-0.05015644,-0.027476437,0.008570906,-0.0069179386,0.012450159,-0.079704285,-0.057653293,-0.05270285,-0.068804584,0.0037232228,2017-09-01
-0.053520046,-0.021504523,-0.10387482,-0.062980734,-0.0419144,-0.018046033,0.007235378,-0.05432626,-0.04392535,-0.047524363,-0.016777031,0.00232251,2017-10-01
-0.26991856,-0.16066323,-0.19828074,-0.13274471,-0.13517542,-0.0837771,-0.019934447,-0.034642696,-0.04583208,-0.027054425,0.025902439,-0.013560796,2017-11-01
-0.4758347,-0.27358392,-0.29189888,-0.16716735,-0.25712568,-0.16617133,-0.03596003,-0.03362467,-0.033289135,0.002122812,0.05568577,-0.039843608,2017-12-01
-0.6906294,-0.4493535,-0.40319788,-0.24797797,-0.4059314,-0.27176046,-0.040711943,-0.071593,-0.061105758,-0.010453373,0.021313947,-0.11930908,2018-01-01
-0.5693709,-0.28850836,-0.33461618,-0.16710268,-0.31970236,-0.192349,-0.03549506,-0.004505351,0.007153008,0.047176387,0.11301574,0.00076146796,2018-02-01
-0.53548676,-0.23214906,-0.31316507,-0.1443841,-0.29924947,-0.16011164,-0.025020467,0.018629737,0.03732801,0.073719054,0.14486295,0.05368877,2018-03-01
-0.31581122,0.0167038,-0.18308166,-0.032886505,-0.13216463,-0.0245677,-0.009840973,0.098314136,0.12469129,0.14986227,0.24594702,0.21307532,2018-04-01
-0.06919897,0.26963064,-0.03687395,0.09928276,0.05742542,0.12366478,0.011245184,0.1654592,0.19502994,0.21438919,0.28359205,0.31448558,2018-05-01
0.053190242,0.346419,0.036175262,0.1537107,0.12026405,0.14963962,0.048030008,0.16529001,0.16324444,0.2227935,0.23741506,0.28717,2018-06-01
0.12122311,0.35805765,0.055129517,0.18090756,0.11682077,0.13711378,0.07566446,0.13701552,0.11317685,0.208333,0.18080802,0.25036028,2018-07-01
0.1618289,0.345562,0.05662198,0.1824539,0.103044316,0.11098194,0.08299363,0.09589474,0.07612333,0.16998729,0.12404069,0.21311052,2018-08-01
0.19329941,0.32200646,0.051007044,0.17227179,0.085145324,0.08895309,0.08721815,0.050369818,0.043032546,0.12507528,0.07006332,0.17446196,2018-09-01
0.21205418,0.31500208,0.044197682,0.15829708,0.06997852,0.057283413,0.07844575,-0.009545699,0.004219435,0.08460426,-0.0056212433,0.12989049,2018-10-01
0.18674299,0.27997106,0.038195435,0.122279435,0.051515866,0.01895187,0.065556854,-0.06388347,-0.03310135,0.05124506,-0.08748665,0.08609088,2018-11-01
0.15423702,0.23367728,0.025994707,0.08683039,0.03912646,-0.0049890727,0.057721633,-0.10347086,-0.06836124,0.027182478,-0.15157734,0.037031103,2018-12-01
0.11564511,0.1707438,0.0052923895,0.027995277,0.030394483,-0.024805356,0.047109816,-0.11316362,-0.09435427,-0.0047104433,-0.16175632,-0.007738646,2019-01-01
0.09629819,0.13430266,-0.01261206,-0.0054912753,0.025996853,-0.03965133,0.04088643,-0.11252485,-0.10777803,-0.019383779,-0.15281059,-0.031381458,2019-02-01
0.08498137,0.115384206,-0.0249667,-0.021948779,0.022325177,-0.04615738,0.030389842,-0.11030495,-0.11395432,-0.03532807,-0.14487553,-0.039384145,2019-03-01
0.0774284,0.10194746,-0.032986686,-0.030735552,0.018988091,-0.04941686,0.022251021,-0.109029144,-0.11730456,-0.04605891,-0.13933846,-0.040375795,2019-04-01
0.07165699,0.0936856,-0.0376385,-0.033511393,0.016912721,-0.04892332,0.01730365,-0.10639407,-0.11736731,-0.051431976,-0.13265784,-0.039149288,2019-05-01
0.06661306,0.08651419,-0.041209396,-0.03516166,0.01515381,-0.047371853,0.0129874125,-0.10333033,-0.11514187,-0.05581668,-0.12521592,-0.03689167,2019-06-01
0.05775236,0.076220214,-0.047108848,-0.038398426,0.01143036,-0.045154948,0.0076842047,-0.099945895,-0.112643,-0.05933035,-0.11422694,-0.034345277,2019-07-01
0.045872163,0.06546056,-0.050794523,-0.04190595,0.008449435,-0.039606553,0.004467055,-0.09665483,-0.104409374,-0.062251966,-0.10191889,-0.028428758,2019-08-01
0.036861885,0.059957873,-0.04938038,-0.04031396,0.009689413,-0.029635217,0.0030889325,-0.09159517,-0.09040089,-0.060687553,-0.087213054,-0.018284423,2019-09-01
0.048414472,0.07304956,-0.042586893,-0.025815086,0.014044978,-0.021051418,0.008132126,-0.08640678,-0.080757216,-0.05360734,-0.08574061,-0.010997966,2019-10-01
0.06871903,0.09569736,-0.031293914,-0.009804621,0.021595862,-0.016070623,0.013246354,-0.08633202,-0.0750859,-0.0442743,-0.09150738,-0.0038986728,2019-11-01
0.08012897,0.111798644,-0.02348823,-0.0010649711,0.024915125,-0.01811476,0.018919248,-0.09038253,-0.07999641,-0.034381013,-0.101154804,-0.0073507763,2019-12-01
0.08644982,0.11961506,-0.019518312,-0.000587184,0.024691802,-0.024091426,0.026700158,-0.0961408,-0.08592944,-0.029997943,-0.11543484,-0.014092315,2020-01-01
0.08582553,0.118086964,-0.020055905,-0.003957361,0.02477425,-0.026932614,0.02739634,-0.098617546,-0.08849959,-0.030004323,-0.118708014,-0.017229231,2020-02-01
0.081810564,0.109902516,-0.0246373,-0.008692153,0.02312411,-0.027269615,0.025059965,-0.09755188,-0.088711396,-0.033635624,-0.11460441,-0.018364951,2020-03-01
0.08174415,0.1084073,-0.02572297,-0.0104707405,0.022076499,-0.029113881,0.026015107,-0.09823488,-0.09086036,-0.034327753,-0.11681701,-0.020994322,2020-04-01
0.074601665,0.09642254,-0.03274146,-0.01575871,0.019248076,-0.027279075,0.019944187,-0.094954304,-0.08720012,-0.040675983,-0.10730362,-0.01777518,2020-05-01
0.066165835,0.08722657,-0.03662563,-0.016195303,0.020965029,-0.013530545,0.011841435,-0.08683039,-0.07091783,-0.046834007,-0.08493814,-0.0039875135,2020-06-01
0.013504207,0.029839072,-0.06844628,-0.042866733,-0.0088033825,-0.011127122,0.01162909,-0.07506108,-0.06283601,-0.055737916,-0.054559067,-5.3577125e-05,2020-07-01
-0.23631,-0.16499631,-0.19131242,-0.14223202,-0.12802279,-0.084181964,-0.018462863,-0.050946243,-0.062903896,-0.051591493,0.00026906654,-0.032589387,2020-08-01
-0.5614204,-0.3879777,-0.3414712,-0.22592562,-0.32257593,-0.22520965,-0.039205212,-0.07770939,-0.07862754,-0.04163643,-0.006276265,-0.11955519,2020-09-01
-0.7712627,-0.55596226,-0.44763863,-0.299321,-0.46243155,-0.32314447,-0.054626253,-0.11364724,-0.09820163,-0.06381974,-0.036043096,-0.19156383,2020-10-01
-0.8628833,-0.6330467,-0.49676803,-0.3382696,-0.528429,-0.36775252,-0.056261536,-0.133792,-0.10915339,-0.080229916,-0.056109883,-0.22628625,2020-11-01
-0.9997328,-0.7589851,-0.5638566,-0.4072665,-0.6158463,-0.41776472,-0.063944496,-0.17510936,-0.1358139,-0.12873039,-0.10737923,-0.30168876,2020-12-01
-1.0908281,-0.8478387,-0.62019634,-0.45107377,-0.6776697,-0.46284115,-0.067374244,-0.20361823,-0.16525279,-0.1522477,-0.13342345,-0.36186457,2021-01-01
-1.1035012,-0.8642424,-0.6282068,-0.45896178,-0.6871309,-0.4705352,-0.06790511,-0.2102784,-0.17499267,-0.16001189,-0.14054,-0.37351114,2021-02-01
-1.0432879,-0.8108485,-0.5887269,-0.43406588,-0.64743584,-0.44613805,-0.065824136,-0.19499226,-0.16065331,-0.15428592,-0.12887295,-0.33295876,2021-03-01
-0.9741604,-0.7437791,-0.5494202,-0.4060673,-0.6081566,-0.4115809,-0.05848447,-0.17609943,-0.13317363,-0.14176215,-0.113110095,-0.28219163,2021-04-01
-0.8890526,-0.6551089,-0.50654495,-0.36432335,-0.5583436,-0.38510153,-0.0408089,-0.14838693,-0.11237489,-0.102353394,-0.07672401,-0.21877202,2021-05-01
-0.6987696,-0.44196096,-0.40838957,-0.24679206,-0.4217617,-0.26577678,-0.040891852,-0.059315257,-0.030305121,-0.038657434,0.04575951,-0.07379113,2021-06-01
-0.5367869,-0.25632855,-0.32263222,-0.14878528,-0.30148494,-0.15266477,-0.04296075,0.0154420845,0.045087364,0.01658485,0.14695212,0.0504346,2021-07-01
-0.379626,-0.0708217,-0.22880177,-0.060813025,-0.17783158,-0.050801687,-0.036013406,0.07819256,0.111212745,0.0823883,0.22885786,0.16567439,2021-08-01
-0.23978917,0.09603271,-0.13961712,0.011411518,-0.067915894,0.036168035,-0.014354812,0.12711737,0.16158812,0.15514268,0.28433833,0.261601,2021-09-01
-0.23271209,0.13207258,-0.12763822,0.029626805,-0.062358413,0.040724237,-0.0033491105,0.13642687,0.18212761,0.20229746,0.2920571,0.28649852,2021-10-01
-0.2760139,0.109348014,-0.14877059,0.01753765,-0.09712514,0.013462447,0.00091854855,0.12756099,0.18544972,0.21941163,0.28457677,0.28021216,2021-11-01
-0.45398596,-0.07053198,-0.24012968,-0.0829497,-0.23103824,-0.096314974,0.008724816,0.06535815,0.12249847,0.17886677,0.21156843,0.18841909,2021-12-01
-0.4694593,-0.10107294,-0.25198567,-0.10540156,-0.25079894,-0.11616218,0.012549046,0.05131476,0.10627322,0.15812407,0.18798295,0.16399851,2022-01-01
-0.514785,-0.17862406,-0.28506994,-0.15470909,-0.29936847,-0.15087017,0.022661205,0.016728356,0.07085079,0.11441086,0.13581479,0.11283307,2022-02-01
-0.6602686,-0.3554092,-0.37004474,-0.24638127,-0.40826777,-0.2464888,0.020029467,-0.047066547,0.0067239776,0.040379923,0.051830422,-0.0060501955,2022-03-01
-0.89832586,-0.6202224,-0.5013899,-0.37152052,-0.5619099,-0.38524786,-0.011705728,-0.14103815,-0.08361404,-0.06744078,-0.05997921,-0.19384168,2022-04-01
-1.0009595,-0.7296152,-0.55156034,-0.41438994,-0.617778,-0.4230832,-0.040907063,-0.17230874,-0.11447103,-0.11363205,-0.099362716,-0.26906237,2022-05-01
-1.0558014,-0.80232584,-0.59207356,-0.4411155,-0.65789014,-0.4440719,-0.056078658,-0.19240977,-0.14146556,-0.14460832,-0.12514745,-0.32243523,2022-06-01
-1.0442574,-0.8021661,-0.58627504,-0.4383778,-0.65089524,-0.44284225,-0.057991274,-0.19310759,-0.15038249,-0.15136053,-0.12766363,-0.3227188,2022-07-01
-1.0337849,-0.7959734,-0.5790353,-0.434802,-0.6424909,-0.4413985,-0.060483113,-0.19288476,-0.15021332,-0.15499273,-0.12822673,-0.31877372,2022-08-01
-1.0548636,-0.8129212,-0.5906208,-0.44014248,-0.6529219,-0.45037553,-0.06530686,-0.1977413,-0.15495217,-0.15679285,-0.1324172,-0.32998267,2022-09-01
-1.089764,-0.84495443,-0.6147941,-0.45257688,-0.67603326,-0.46315452,-0.067506894,-0.2064851,-0.16675957,-0.15896171,-0.1387785,-0.35478604,2022-10-01
-1.0827425,-0.8368031,-0.60765415,-0.44711637,-0.6701278,-0.4608075,-0.067684256,-0.20341423,-0.16640794,-0.15602861,-0.13491513,-0.3486384,2022-11-01
-1.0858377,-0.8439271,-0.6142865,-0.45271435,-0.67593217,-0.46235123,-0.06556162,-0.20565139,-0.1687235,-0.15855014,-0.13782611,-0.35624814,2022-12-01
-1.0521861,-0.8147129,-0.58975303,-0.43839493,-0.6512958,-0.45033738,-0.06639223,-0.19662698,-0.1597234,-0.15696684,-0.13233803,-0.3310797,2023-01-01
-0.96599627,-0.73008025,-0.5338689,-0.39810535,-0.5943812,-0.4118722,-0.06253013,-0.17024493,-0.12901278,-0.13894111,-0.10887231,-0.2674755,2023-02-01
-0.7827462,-0.5405963,-0.44538683,-0.29882604,-0.47805792,-0.32454857,-0.045133557,-0.09621359,-0.0691142,-0.069915235,-0.009614065,-0.13692811,2023-03-01
-0.47401306,-0.21302977,-0.29750046,-0.13629957,-0.26902732,-0.117103994,-0.026156336,0.032200467,0.058472622,0.020184632,0.15994066,0.075640276,2023-04-01
-0.15241976,0.1274929,-0.10821396,0.015564345,-0.029013,0.08159436,0.030445311,0.13194603,0.14116807,0.14406094,0.23581858,0.2624129,2023-05-01
0.068630934,0.3400477,0.04007375,0.13205555,0.097486824,0.15083154,0.11300863,0.15144448,0.14492513,0.21744405,0.16648139,0.30276677,2023-06-01
0.1965108,0.40400663,0.10245708,0.1573151,0.10752931,0.100798264,0.17103484,0.07681541,0.05734231,0.17411809,0.03218818,0.23182093,2023-07-01
0.2453783,0.4104108,0.0881439,0.16037926,0.07530473,0.0150089525,0.1332963,-0.040210515,-0.05128307,0.1123783,-0.12375645,0.13691598,2023-08-01
0.20402366,0.33546758,0.068041295,0.117764235,0.05399597,-0.0223379,0.091984004,-0.11434777,-0.08666707,0.059661668,-0.21827567,0.062802404,2023-09-01
0.15529388,0.25753072,0.041808266,0.0589316,0.041869592,-0.038968943,0.069897786,-0.14048193,-0.12627855,0.0259034,-0.24584223,0.0031357445,2023-10-01
0.12616023,0.19418226,0.011656776,0.005726792,0.032448407,-0.06434155,0.064445406,-0.14379628,-0.1617695,0.006570719,-0.24502355,-0.04269469,2023-11-01
0.1045174,0.15148935,-0.014408374,-0.033546247,0.030003559,-0.07785303,0.044037748,-0.13986808,-0.16745557,-0.026001768,-0.21709855,-0.06650133,2023-12-01
0.07950036,0.11230925,-0.03734128,-0.059815772,0.020909753,-0.087293565,0.019733015,-0.1347002,-0.17306677,-0.059587188,-0.19205245,-0.07325381,2024-01-01
0.06350124,0.08700022,-0.0507493,-0.069468245,0.015965939,-0.085073896,0.0032496601,-0.12758063,-0.16937305,-0.07559398,-0.17077038,-0.06804196,2024-02-01
0.056322623,0.07670911,-0.05683519,-0.06957401,0.010144398,-0.08297755,-0.0011421219,-0.12301472,-0.16441563,-0.08088066,-0.16049351,-0.06653333,2024-03-01
0.044649433,0.060517367,-0.065330416,-0.073468715,0.0039384775,-0.077061534,-0.0063836016,-0.11725347,-0.15791157,-0.08383934,-0.141708,-0.06272516,2024-04-01
0.02397826,0.036832083,-0.07527181,-0.07650328,-0.0074057244,-0.069877006,-0.0104332045,-0.1092705,-0.1428293,-0.08916237,-0.11638537,-0.05491829,2024-05-01
0.005630236,0.02297208,-0.0768639,-0.07630628,-0.012003882,-0.056619935,-0.010997284,-0.10145946,-0.12234925,-0.08919154,-0.09254409,-0.040156275,2024-06-01
0.0045152903,0.027396906,-0.06962585,-0.06477698,-0.007406749,-0.039274786,-0.0063947774,-0.09204515,-0.101419166,-0.08034062,-0.075072646,-0.025135713,2024-07-01
-0.0039445013,0.018033948,-0.06722666,-0.0612421,-0.011545859,-0.035066813,0.003808502,-0.08325887,-0.09390737,-0.069512576,-0.07309106,-0.016208233,2024-08-01
-0.0016103052,0.032311913,-0.06639834,-0.03973958,-0.0077442825,-0.013382776,0.0051794983,-0.06354153,-0.060624056,-0.049720146,-0.03845734,0.011707213,2024-09-01
0.0009332821,0.051907036,-0.06387072,-0.016923536,0.00021502003,0.011998523,0.011919826,-0.03563702,-0.026406555,-0.020524073,0.003991794,0.04050595,2024-10-01
0.039543647,0.100989416,-0.0383102,0.018119149,0.025206145,0.031369824,0.022391003,-0.023803277,-0.0068841614,0.004900139,0.015811283,0.06784132,2024-11-01
-0.06772868,0.040412698,-0.08633318,-0.016121507,-0.015467325,0.020682517,0.008417588,0.00062094256,0.010907952,0.025837783,0.057403494,0.07599579,2024-12-01
-0.21216775,-0.03893366,-0.14943448,-0.060717285,-0.073777415,-0.020457769,-0.014100978,0.018840618,0.020202097,0.049371507,0.09669702,0.081063196,2025-01-01
-0.18257771,0.032177377,-0.12331574,-0.016373597,-0.044094484,0.016874284,-0.011389408,0.056798417,0.063330695,0.09667343,0.14477758,0.14458752,2025-02-01
-0.12836166,0.11700949,-0.0843987,0.034111682,-0.0025133193,0.06263326,0.00187397,0.0949557,0.10246509,0.14793548,0.17429109,0.20503077,2025-03-01
-0.0053961165,0.2423353,-0.010450076,0.10127732,0.06920801,0.11164601,0.030513745,0.115750134,0.1265458,0.17828743,0.17427583,0.24633254,2025-04-01
0.08733,0.29837504,0.034134377,0.14096831,0.09660633,0.11763787,0.05922463,0.108068705,0.10730705,0.17308189,0.15638371,0.22886823,2025-05-01
0.1430059,0.30527806,0.041796792,0.15583467,0.090394124,0.104628906,0.076762095,0.08057083,0.07204096,0.1481416,0.11202191,0.19557612,2025-06-01
0.16941628,0.29183146,0.039371748,0.15356533,0.07859598,0.088199124,0.08062494,0.0500626,0.04647732,0.11533718,0.07398225,0.16651167,2025-07-01
0.16693719,0.26588762,0.030365903,0.13633247,0.0712478,0.079575405,0.071431175,0.0272641,0.032378536,0.088786066,0.052348826,0.14617404,2025-08-01
0.145206,0.23513325,0.017394185,0.11706172,0.063339666,0.07754634,0.06267004,0.020486493,0.034880567,0.07553831,0.052733775,0.13408145,2025-09-01
0.054236088,0.17612699,-0.023764167,0.07046816,0.045721073,0.07360965,0.04647443,0.026137788,0.0626242,0.08918601,0.07438977,0.13817807,2025-10-01
-0.14559327,0.038650196,-0.1132215,-0.01708065,-0.036162373,0.021371607,0.0054378808,0.03698748,0.056821544,0.094666824,0.10732998,0.12496886,2025-11-01
-0.18617916,0.04211032,-0.12594819,-0.011913102,-0.04975395,0.018915128,-0.004666269,0.058986124,0.07717614,0.11432332,0.14897907,0.15453313,2025-12-01
-0.21316274,0.05697113,-0.13257456,-0.004223615,-0.05966819,0.020052653,-0.0071922317,0.0812898,0.100716576,0.13741052,0.18942513,0.18563789,2026-01-01
-0.09962182,0.18782903,-0.059504837,0.06373255,0.029913995,0.094232515,0.005105678,0.123001754,0.14468034,0.18032977,0.2182575,0.2561808,2026-02-01
0.029643122,0.29861206,0.012633529,0.13115811,0.094973385,0.12936863,0.03509428,0.14488113,0.14901273,0.19950502,0.20964761,0.27383742,2026-03-01
0.14395925,0.34010735,0.05399475,0.17403813,0.10509835,0.11814614,0.08704691,0.1068013,0.09039578,0.18478295,0.14046669,0.22683077,2026-04-01
0.22198261,0.3547763,0.067157954,0.17894058,0.08964534,0.07745004,0.10679655,0.032053243,0.02616426,0.12674995,0.03348769,0.17780466,2026-05-01
0.2271594,0.3620022,0.06896596,0.15879138,0.06439187,0.0127315,0.093550876,-0.05310912,-0.036992624,0.08848804,-0.103079,0.116169974,2026-06-01
