date,row,col,u10,v10,wind_speed,wind_constancy
2010-01-01,0,0,0.1137,-0.4881,1.4388,0.3483
2010-02-01,0,0,0.8164,-0.5485,1.9317,0.5092
2010-03-01,0,0,0.6893,-0.6842,1.9229,0.5051
2010-04-01,0,0,0.0573,-0.5824,1.9663,0.2976
2010-05-01,0,0,0.1333,-0.9379,1.8635,0.5084
2010-06-01,0,0,0.0727,-0.5757,1.5113,0.384
2010-07-01,0,0,0.7068,-0.0662,1.5437,0.4598
2010-08-01,0,0,0.5982,0.0054,1.3275,0.4506
2010-09-01,0,0,0.1322,-0.0825,1.3153,0.1185
2010-10-01,0,0,-0.3124,-0.1726,1.4408,0.2477
2010-11-01,0,0,-0.1945,-0.3513,1.4157,0.2836
2010-12-01,0,0,0.0759,-0.4888,1.4717,0.3361
2011-01-01,0,0,0.2745,-0.3491,1.4936,0.2973
2011-02-01,0,0,0.027,-0.4856,1.781,0.273
2011-03-01,0,0,0.1158,-0.0894,1.6946,0.0863
2011-04-01,0,0,0.2349,-0.5047,1.7909,0.3109
2011-05-01,0,0,0.0507,-0.6187,1.6764,0.3703
2011-06-01,0,0,0.0026,-0.4338,1.496,0.29
2011-07-01,0,0,0.2567,-0.0389,1.3946,0.1862
2011-08-01,0,0,0.5388,-0.0383,1.4212,0.38
2011-09-01,0,0,0.0431,-0.0361,1.3474,0.0417
2011-10-01,0,0,-0.3754,-0.2648,1.4967,0.307
2011-11-01,0,0,-0.0164,-0.5855,1.4421,0.4062
2011-12-01,0,0,-0.1058,-0.6096,1.5793,0.3918
2012-01-01,0,0,0.0744,-0.6989,1.5823,0.4442
2012-02-01,0,0,-0.05,-0.6304,1.8378,0.3441
2012-03-01,0,0,0.2037,-0.3951,1.7857,0.2489
2012-04-01,0,0,1.1942,-1.1723,2.4677,0.6781
2012-05-01,0,0,-0.1712,-1.181,2.1994,0.5426
2012-06-01,0,0,0.3325,-0.5125,1.5312,0.399
2012-07-01,0,0,0.578,-0.1892,1.3236,0.4595
2012-08-01,0,0,0.449,-0.1969,1.3044,0.3758
2012-09-01,0,0,-0.0281,-0.0586,1.2893,0.0504
2012-10-01,0,0,-0.5889,-0.3932,1.691,0.4187
2012-11-01,0,0,-0.2993,-0.307,1.2485,0.3434
2012-12-01,0,0,-0.0805,-0.4785,1.4167,0.3425
2013-01-01,0,0,0.079,-0.7566,1.6361,0.465
2013-02-01,0,0,0.0451,-0.6818,1.7613,0.3879
2013-03-01,0,0,0.8652,-0.9233,2.1828,0.5797
2013-04-01,0,0,1.1761,-1.2034,2.3144,0.727
2013-05-01,0,0,0.3384,-1.1219,2.0538,0.5706
2013-06-01,0,0,0.3503,-0.5899,1.6374,0.419
2013-07-01,0,0,0.4775,0.074,1.377,0.3509
2013-08-01,0,0,0.4495,-0.032,1.3174,0.342
2013-09-01,0,0,0.0388,-0.1113,1.3206,0.0892
2013-10-01,0,0,-0.1981,-0.113,1.3459,0.1695
2013-11-01,0,0,-0.3228,-0.4691,1.4251,0.3995
2013-12-01,0,0,0.0086,-0.5865,1.4912,0.3933
2014-01-01,0,0,-0.041,-0.6407,1.5674,0.4096
2014-02-01,0,0,0.6111,-0.5713,1.847,0.4529
2014-03-01,0,0,0.1346,-0.3996,1.6296,0.2587
2014-04-01,0,0,-0.0269,-0.5385,1.7304,0.3116
2014-05-01,0,0,-0.312,-0.5478,1.5247,0.4135
2014-06-01,0,0,-0.0579,-0.5922,1.5234,0.3906
2014-07-01,0,0,0.4409,-0.1716,1.3064,0.3621
2014-08-01,0,0,0.4317,-0.1545,1.2719,0.3605
2014-09-01,0,0,0.1492,-0.104,1.3236,0.1374
2014-10-01,0,0,-0.0677,0.044,1.2821,0.063
2014-11-01,0,0,-0.0848,-0.4199,1.48,0.2894
2014-12-01,0,0,-0.1196,-0.5854,1.5249,0.3918
2015-01-01,0,0,0.1208,-0.6957,1.6374,0.4312
2015-02-01,0,0,0.0233,-0.6829,1.6889,0.4046
2015-03-01,0,0,0.0496,-0.5818,1.8624,0.3135
2015-04-01,0,0,0.8228,-1.1309,2.0708,0.6754
2015-05-01,0,0,-0.2057,-0.7772,1.7116,0.4697
2015-06-01,0,0,0.115,-0.5988,1.5495,0.3935
2015-07-01,0,0,0.0653,-0.3415,1.3443,0.2586
2015-08-01,0,0,0.1876,-0.0668,1.3336,0.1494
2015-09-01,0,0,-0.2642,0.0269,1.3778,0.1928
2015-10-01,0,0,-0.4092,-0.2366,1.425,0.3317
2015-11-01,0,0,-0.1212,-0.4605,1.3888,0.3428
2015-12-01,0,0,0.0483,-0.3371,1.2761,0.2669
2016-01-01,0,0,0.4869,-0.6742,1.7638,0.4715
2016-02-01,0,0,0.3146,-0.8435,1.8499,0.4867
2016-03-01,0,0,0.255,-0.5415,1.8822,0.318
2016-04-01,0,0,1.5531,-0.8466,2.4642,0.7178
2016-05-01,0,0,-0.1042,-0.4808,1.4415,0.3413
2016-06-01,0,0,0.1355,-0.5757,1.5619,0.3787
2016-07-01,0,0,0.6198,0.1278,1.3657,0.4634
2016-08-01,0,0,0.6177,0.0216,1.5019,0.4115
2016-09-01,0,0,-0.0659,-0.1256,1.3735,0.1033
2016-10-01,0,0,-0.3776,-0.1501,1.3752,0.2955
2016-11-01,0,0,-0.3134,-0.1714,1.5259,0.2341
2016-12-01,0,0,-0.5571,-0.3454,1.6092,0.4073
2017-01-01,0,0,-0.3325,-0.4631,1.6434,0.3469
2017-02-01,0,0,0.0413,-0.1952,1.5146,0.1317
2017-03-01,0,0,0.2422,-0.3019,1.7721,0.2184
2017-04-01,0,0,-0.0832,-0.3837,1.6447,0.2387
2017-05-01,0,0,-0.1105,-0.3936,1.526,0.2679
2017-06-01,0,0,0.035,-0.3698,1.4178,0.262
2017-07-01,0,0,0.3927,-0.1917,1.343,0.3254
2017-08-01,0,0,0.4116,-0.1252,1.3044,0.3298
2017-09-01,0,0,0.0147,-0.145,1.3458,0.1083
2017-10-01,0,0,-0.3986,-0.3092,1.4398,0.3504
2017-11-01,0,0,-0.1435,-0.6479,1.4902,0.4453
2017-12-01,0,0,-0.0799,-0.662,1.4926,0.4467
2018-01-01,0,0,0.3749,-0.9743,1.8077,0.5775
2018-02-01,0,0,0.0604,-0.5037,1.7366,0.2922
2018-03-01,0,0,0.8279,-1.1086,2.1167,0.6537
2018-04-01,0,0,1.0033,-1.1692,2.2934,0.6718
2018-05-01,0,0,0.1843,-1.154,2.0162,0.5796
2018-06-01,0,0,0.0907,-0.3588,1.4333,0.2582
2018-07-01,0,0,0.508,-0.1706,1.3384,0.4004
2018-08-01,0,0,0.43,-0.1398,1.3387,0.3377
2018-09-01,0,0,-0.1473,0.0296,1.3037,0.1152
2018-10-01,0,0,-0.2823,-0.0718,1.2595,0.2313
2018-11-01,0,0,-0.4127,-0.0365,1.3182,0.3143
2018-12-01,0,0,-0.0409,-0.42,1.3,0.3246
2019-01-01,0,0,-0.5349,-0.3747,1.6573,0.3941
2019-02-01,0,0,-0.0077,-0.3758,1.608,0.2338
2019-03-01,0,0,0.1827,-0.0818,1.7446,0.1147
2019-04-01,0,0,0.3551,-0.6166,1.9813,0.3591
2019-05-01,0,0,0.0873,-0.8112,1.7,0.4799
2019-06-01,0,0,0.1942,-0.2687,1.2676,0.2615
2019-07-01,0,0,0.2234,-0.2377,1.2877,0.2533
2019-08-01,0,0,0.65,0.1667,1.4217,0.472
2019-09-01,0,0,0.1599,-0.008,1.2399,0.1292
2019-10-01,0,0,-0.2101,-0.1266,1.3066,0.1878
2019-11-01,0,0,-0.1084,-0.4359,1.3884,0.3235
2019-12-01,0,0,0.1196,-0.4851,1.4228,0.3512
