lead,AUC,AUC_persistence,Brier,BSS_vs_climatology,POD,FAR,threshold,Accuracy,Precision,Recall,F1,PearsonR,TP,FP,TN,FN,skilful
1,0.714,0.677,0.124,0.058,0.848,0.773,0.15,0.527,0.227,0.848,0.358,0.268,659,2245,1970,118,True
2,0.595,0.604,0.135,0.011,0.943,0.819,0.1,0.296,0.181,0.943,0.304,0.11,766,3467,713,46,False
3,0.492,0.502,0.139,-0.021,0.993,0.838,0.05,0.164,0.162,0.993,0.279,-0.023,808,4169,9,6,False
4,0.504,0.524,0.139,-0.019,0.977,0.838,0.05,0.173,0.162,0.977,0.278,0.005,795,4110,68,19,False
5,0.487,0.515,0.141,-0.035,0.617,0.845,0.1,0.389,0.155,0.617,0.248,-0.015,502,2737,1441,312,False
6,0.487,0.489,0.141,-0.028,0.978,0.838,0.05,0.167,0.162,0.978,0.278,-0.02,799,4141,34,18,False
7,0.489,0.508,0.146,-0.023,0.306,0.836,0.2,0.611,0.164,0.306,0.214,-0.007,264,1346,2784,598,False
8,0.531,0.487,0.145,-0.003,1.0,0.825,0.05,0.176,0.175,1.0,0.298,0.048,873,4111,8,0,False
9,0.53,0.525,0.146,-0.012,0.553,0.812,0.15,0.503,0.188,0.553,0.28,0.036,483,2090,2029,390,False
10,0.521,0.516,0.146,-0.012,0.604,0.814,0.15,0.468,0.186,0.604,0.284,0.024,527,2311,1808,346,False
11,0.486,0.527,0.148,-0.023,0.991,0.826,0.05,0.175,0.174,0.991,0.296,-0.03,865,4111,8,8,False
12,0.428,0.496,0.159,-0.038,0.897,0.816,0.1,0.236,0.184,0.897,0.306,-0.098,840,3719,337,96,False
