model,lead,RMSE,MAE,AUC,Accuracy,F1
CNN-LSTM,1,0.346,0.212,0.763,0.777,0.422
CNN-LSTM,2,0.363,0.225,0.679,0.592,0.356
CNN-LSTM,3,0.375,0.261,0.491,0.163,0.28
CNN-LSTM,4,0.372,0.258,0.503,0.163,0.28
CNN-LSTM,5,0.372,0.255,0.5,0.283,0.262
CNN-LSTM,6,0.372,0.247,0.497,0.164,0.281
CNN-LSTM,7,0.381,0.259,0.506,0.786,0.293
CNN-LSTM,8,0.382,0.27,0.508,0.175,0.298
CNN-LSTM,9,0.384,0.26,0.514,0.611,0.22
CNN-LSTM,10,0.385,0.265,0.493,0.615,0.247
CNN-LSTM,11,0.385,0.264,0.483,0.175,0.298
CNN-LSTM,12,0.4,0.271,0.465,0.381,0.303
CNN,1,0.352,0.214,0.712,0.761,0.401
CNN,2,0.359,0.23,0.702,0.56,0.349
CNN,3,0.374,0.256,0.441,0.176,0.284
CNN,4,0.372,0.247,0.518,0.197,0.278
CNN,5,0.376,0.255,0.416,0.261,0.249
CNN,6,0.376,0.269,0.384,0.164,0.281
CNN,7,0.385,0.276,0.406,0.781,0.021
CNN,8,0.386,0.29,0.491,0.175,0.298
CNN,9,0.388,0.28,0.459,0.435,0.235
CNN,10,0.386,0.27,0.527,0.534,0.268
CNN,11,0.386,0.271,0.479,0.182,0.289
CNN,12,0.397,0.269,0.478,0.315,0.293
ANN,1,0.376,0.333,0.576,0.156,0.269
ANN,2,0.371,0.243,0.564,0.467,0.315
ANN,3,0.385,0.349,0.611,0.163,0.28
ANN,4,0.368,0.262,0.553,0.163,0.28
ANN,5,0.367,0.28,0.592,0.163,0.28
ANN,6,0.372,0.295,0.538,0.164,0.281
ANN,7,0.379,0.261,0.551,0.763,0.302
ANN,8,0.379,0.274,0.558,0.175,0.298
ANN,9,0.379,0.298,0.553,0.305,0.293
ANN,10,0.383,0.329,0.591,0.175,0.298
ANN,11,0.388,0.335,0.531,0.175,0.298
ANN,12,0.397,0.263,0.516,0.411,0.311
LSTM,1,0.359,0.259,0.688,0.549,0.362
LSTM,2,0.368,0.266,0.584,0.163,0.28
LSTM,3,0.37,0.271,0.512,0.163,0.28
LSTM,4,0.37,0.272,0.502,0.163,0.28
LSTM,5,0.37,0.268,0.495,0.163,0.28
LSTM,6,0.37,0.269,0.47,0.164,0.281
LSTM,7,0.377,0.279,0.548,0.827,0.0
LSTM,8,0.38,0.289,0.524,0.175,0.298
LSTM,9,0.38,0.283,0.514,0.175,0.298
LSTM,10,0.381,0.289,0.488,0.175,0.298
LSTM,11,0.381,0.279,0.478,0.175,0.298
LSTM,12,0.392,0.288,0.456,0.188,0.316
SuperHybrid (CNN-LSTM-Fourier),1,0.352,0.257,0.714,0.527,0.358
SuperHybrid (CNN-LSTM-Fourier),2,0.367,0.262,0.595,0.296,0.304
SuperHybrid (CNN-LSTM-Fourier),3,0.373,0.27,0.492,0.164,0.279
SuperHybrid (CNN-LSTM-Fourier),4,0.373,0.264,0.504,0.173,0.278
SuperHybrid (CNN-LSTM-Fourier),5,0.376,0.246,0.487,0.389,0.248
SuperHybrid (CNN-LSTM-Fourier),6,0.375,0.275,0.487,0.167,0.278
SuperHybrid (CNN-LSTM-Fourier),7,0.382,0.287,0.489,0.611,0.214
SuperHybrid (CNN-LSTM-Fourier),8,0.38,0.281,0.531,0.176,0.298
SuperHybrid (CNN-LSTM-Fourier),9,0.382,0.273,0.53,0.503,0.28
SuperHybrid (CNN-LSTM-Fourier),10,0.382,0.278,0.521,0.468,0.284
SuperHybrid (CNN-LSTM-Fourier),11,0.384,0.278,0.486,0.175,0.296
SuperHybrid (CNN-LSTM-Fourier),12,0.399,0.296,0.428,0.236,0.306
RCM,1,0.367,0.299,0.685,0.718,0.575
RCM,2,0.396,0.322,0.655,0.688,0.535
RCM,3,0.425,0.346,0.625,0.658,0.495
RCM,4,0.455,0.37,0.595,0.628,0.455
RCM,5,0.484,0.394,0.565,0.6,0.45
RCM,6,0.513,0.418,0.535,0.6,0.45
RCM,7,0.542,0.442,0.52,0.6,0.45
RCM,8,0.55,0.45,0.52,0.6,0.45
RCM,9,0.55,0.45,0.52,0.6,0.45
RCM,10,0.55,0.45,0.52,0.6,0.45
RCM,11,0.55,0.45,0.52,0.6,0.45
RCM,12,0.55,0.45,0.52,0.6,0.45
