date,precip_mm,tmean_c,scpdsi,category,in_drought
2015-01-01,6.632607457148558,10.949420474265878,0.205,Normal,False
2015-02-01,3.851526700607399,13.195267859989258,0.418,Normal,False
2015-03-01,10.864417290405754,13.972845843607956,0.416,Normal,False
2015-04-01,23.783725224776713,14.569623759903834,-0.671,Normal,False
2015-05-01,91.72003067069147,13.426655243368714,-1.463,Moderately dry,True
2015-06-01,105.17771490343789,13.345227013171325,-2.357,Very dry,True
2015-07-01,187.99812216129007,12.898379163870004,-1.72,Moderately dry,True
2015-08-01,246.5861401116355,12.860442347170533,-0.352,Normal,False
2015-09-01,116.17713229163303,13.097273078432295,-1.053,Moderately dry,True
2015-10-01,36.875783321889344,11.613511760725999,-3.244,Extremely dry,True
2015-11-01,29.52941489058426,11.235245192563298,-2.924,Very dry,True
2015-12-01,5.588489229369394,10.590074167237276,-2.968,Very dry,True
2016-01-01,1.8079471159833387,11.132432902299684,-3.061,Extremely dry,True
2016-02-01,7.271435101282555,12.405973857255276,-2.738,Very dry,True
2016-03-01,6.040691523965515,13.355539379226514,-3.044,Extremely dry,True
2016-04-01,15.31081422304122,14.218944120268418,-4.864,Extremely dry,True
2016-05-01,47.348919807044,14.245789353701298,-6.513,Extremely dry,True
2016-06-01,111.35686228349725,13.511087345961869,-6.654,Extremely dry,True
2016-07-01,351.58704428354207,12.032295275142417,-3.573,Extremely dry,True
2016-08-01,354.2761205376568,11.89094680871358,-0.56,Normal,False
2016-09-01,298.32570748724834,12.03568898987038,0.821,Normal,False
2016-10-01,95.55497780235676,10.695199228567446,0.58,Normal,False
2016-11-01,4.509195551654911,10.045883353645593,0.231,Normal,False
2016-12-01,2.883551163250807,9.696781391739421,0.032,Normal,False
2017-01-01,5.613761154319659,9.518520852360552,-0.068,Normal,False
2017-02-01,8.183479479104918,11.361498310627098,0.041,Normal,False
2017-03-01,7.61187759537037,13.304131848707868,-0.273,Normal,False
2017-04-01,106.57429763857769,12.364098881861992,0.192,Normal,False
2017-05-01,136.10332312760482,12.754613599082973,0.125,Normal,False
2017-06-01,87.60992878795875,12.99500826730332,-1.187,Moderately dry,True
2017-07-01,215.1995919635246,13.25708522636944,-0.373,Normal,False
2017-08-01,249.5277846762384,12.832532926326905,0.284,Normal,False
2017-09-01,163.47575862030203,12.420110586203919,0.35,Normal,False
2017-10-01,129.25867653076352,11.061498944918355,0.445,Normal,False
2017-11-01,27.79570121298057,10.411453105421515,0.406,Normal,False
2017-12-01,15.034094550639638,9.80996095710168,0.497,Normal,False
2018-01-01,2.1828962678891366,11.242405533933606,0.442,Normal,False
2018-02-01,11.008209542589462,12.880640242095637,0.574,Normal,False
2018-03-01,12.737304334165632,13.505295255709314,0.521,Normal,False
2018-04-01,111.61642184231506,13.74033468930719,0.735,Normal,False
2018-05-01,93.56762476053478,13.099697418669507,0.218,Normal,False
2018-06-01,339.2241389310166,12.725781744787014,1.587,Moderately wet,False
2018-07-01,293.93258949665915,12.802358594765849,1.949,Moderately wet,False
2018-08-01,181.76712454900175,13.217254469280135,1.853,Moderately wet,False
2018-09-01,189.56331922764858,12.86544588294214,1.911,Moderately wet,False
2018-10-01,103.42985934870997,11.650201002657923,1.585,Moderately wet,False
2018-11-01,41.60055352919299,11.173001822375,1.583,Moderately wet,False
2018-12-01,9.064801245384228,9.450403498590504,1.478,Moderately wet,False
2019-01-01,8.401170958081371,11.007069893234075,1.47,Moderately wet,False
2019-02-01,4.329626685214106,12.323178992207659,1.416,Moderately wet,False
2019-03-01,14.740362042736214,13.79910766435637,1.336,Moderately wet,False
2019-04-01,73.79421304261666,13.46225336990176,1.126,Moderately wet,False
2019-05-01,88.16838546919766,13.559548342156859,0.613,Normal,False
2019-06-01,107.74440426862434,13.727887093727588,0.205,Normal,False
2019-07-01,124.97663828772376,13.395820151178043,0.061,Normal,False
2019-08-01,179.93328221412096,14.011018435360882,0.133,Normal,False
2019-09-01,134.2960726868031,13.060302698558985,0.005,Normal,False
2019-10-01,89.6694914522564,11.747769974982418,-0.8,Normal,False
2019-11-01,1.7928349471605267,11.364597203106598,-1.899,Moderately dry,True
2019-12-01,3.6854978773265183,10.888333473322405,-2.444,Very dry,True
2020-01-01,3.311884820832222,11.423959694488758,-2.821,Very dry,True
2020-02-01,3.3877385061351672,12.528632932786081,-3.048,Extremely dry,True
2020-03-01,1.9457410975353142,14.876955464978948,-3.926,Extremely dry,True
2020-04-01,62.691772456862786,13.951833050027744,-4.248,Extremely dry,True
2020-05-01,157.02020743169285,13.448111130222003,-2.848,Very dry,True
2020-06-01,170.63931630591136,13.661246696778903,-2.238,Very dry,True
2020-07-01,278.12194478774217,13.210558653817088,-0.565,Normal,False
2020-08-01,365.4974163617482,12.810794136023901,0.701,Normal,False
2020-09-01,220.8236323623221,12.878655779889414,1.08,Moderately wet,False
2020-10-01,248.1094131740161,12.19212227079322,2.121,Very wet,False
2020-11-01,11.704355874333851,9.638060175754504,1.723,Moderately wet,False
2020-12-01,26.61990971327204,9.867174540384951,1.86,Moderately wet,False
2021-01-01,4.468959595072038,10.14635862839549,1.713,Moderately wet,False
2021-02-01,6.105323063186206,12.00321046418992,1.649,Moderately wet,False
2021-03-01,12.11045363816828,13.8947883708081,1.488,Moderately wet,False
2021-04-01,16.93591714656427,14.285313049632975,0.689,Normal,False
2021-05-01,80.63172993212115,13.562040562715993,0.251,Normal,False
2021-06-01,102.06137037383459,13.629510014984078,-0.406,Normal,False
2021-07-01,288.68055591888145,12.535930994303953,0.396,Normal,False
2021-08-01,179.40713243249886,13.480530528410895,0.444,Normal,False
2021-09-01,147.71004633640592,13.044565821030801,0.371,Normal,False
2021-10-01,146.5294132599425,11.767844717316166,0.587,Normal,False
2021-11-01,116.1038245065184,10.511989979852842,1.701,Moderately wet,False
2021-12-01,10.041294260559509,10.15002814106009,1.582,Moderately wet,False
2022-01-01,5.106674414949978,10.483730944183208,1.488,Moderately wet,False
2022-02-01,0.15363073766415936,13.338769770465888,1.317,Moderately wet,False
2022-03-01,6.435022744805871,13.459820557686214,1.041,Moderately wet,False
2022-04-01,70.24551236811509,14.237414047524226,0.782,Normal,False
2022-05-01,305.49462968259536,12.575946557843395,2.308,Very wet,False
2022-06-01,337.18514260222577,12.277728710549923,3.465,Extremely wet,False
2022-07-01,222.62024640198734,13.137299780510034,3.358,Extremely wet,False
2022-08-01,186.11888341923236,13.377787092652511,3.131,Extremely wet,False
2022-09-01,142.06464302527314,13.389743061353613,2.732,Very wet,False
2022-10-01,70.66719414410287,12.122483710410336,2.004,Very wet,False
2022-11-01,14.589747132980737,11.098602673090113,1.604,Moderately wet,False
2022-12-01,10.288290754281691,10.901848762004022,1.389,Moderately wet,False
2023-01-01,13.965130025487072,10.592904885633118,1.364,Moderately wet,False
2023-02-01,0.8825475044672797,13.185398753216816,1.132,Moderately wet,False
2023-03-01,16.159874220003836,14.155417998394569,1.011,Moderately wet,False
2023-04-01,96.85630050723569,14.461896964165362,0.993,Normal,False
2023-05-01,106.2890449965707,13.887927552429915,0.599,Normal,False
2023-06-01,256.90563506942993,13.274531003028244,1.297,Moderately wet,False
2023-07-01,275.8266827195757,13.022486920907227,1.616,Moderately wet,False
2023-08-01,169.6203309538924,13.838314790890138,1.49,Moderately wet,False
2023-09-01,229.7407718283695,13.643480518612137,1.817,Moderately wet,False
2023-10-01,22.862394818619574,12.584422708810791,0.731,Normal,False
2023-11-01,12.575149016834812,11.160215785917558,0.419,Normal,False
2023-12-01,7.9308544324642245,10.768268264418055,0.17,Normal,False
2024-01-01,7.639151339020799,11.126268220998497,0.022,Normal,False
2024-02-01,0.45869643577983255,13.023954153965803,-0.725,Normal,False
2024-03-01,16.931614787334368,13.939281605114274,-0.827,Normal,False
2024-04-01,145.81339072423933,13.45733747276978,0.344,Normal,False
2024-05-01,77.5654369590686,13.5856239270596,-1.221,Moderately dry,True
2024-06-01,195.33346593132,13.0508679980382,-0.119,Normal,False
2024-07-01,153.1453276604129,13.630379838856527,-0.176,Normal,False
2024-08-01,290.534220839968,13.22302203997367,0.497,Normal,False
2024-09-01,138.9308003344168,13.235702050050577,0.355,Normal,False
2024-10-01,30.583687373481116,12.402442128321013,-1.587,Moderately dry,True
2024-11-01,25.70944678483275,11.375688621514428,-1.629,Moderately dry,True
2024-12-01,4.013761480403484,10.469765224270361,-2.064,Very dry,True
2025-01-01,3.317535618327885,11.067305438221752,-2.354,Very dry,True
2025-02-01,3.419602771078207,13.437811372070882,-2.572,Very dry,True
2025-03-01,2.5538221443286697,14.276138996100997,-3.353,Extremely dry,True
2025-04-01,142.27618763034056,13.148019409320113,-1.246,Moderately dry,True
2025-05-01,149.02402791572342,13.004228856001532,-1.21,Moderately dry,True
2025-06-01,136.6015996699897,13.558831529679992,-1.554,Moderately dry,True
2025-07-01,289.27823545117496,13.604925061176857,0.048,Normal,False
2025-08-01,293.18557368749697,13.525010266553409,0.594,Normal,False
2025-09-01,167.6654776405789,13.649280730785847,0.613,Normal,False
2025-10-01,109.93469567771126,11.66292252602284,0.479,Normal,False
2025-11-01,1.431387690614393,10.753709127693696,0.073,Normal,False
2025-12-01,1.5473689108865545,10.421431385776657,-0.578,Normal,False
2026-01-01,1.643416877882722,10.515561715387548,-1.138,Moderately dry,True
2026-02-01,5.7815184389308705,12.537598471369733,-1.288,Moderately dry,True
2026-03-01,7.794271154197281,15.419893428940668,-1.973,Moderately dry,True
2026-04-01,20.5199575289546,15.373110349996807,-3.942,Extremely dry,True
2026-05-01,95.03123321491164,14.460266836633991,-4.371,Extremely dry,True
2026-06-01,146.58071426727665,13.987809771390744,-4.049,Extremely dry,True
2026-07-01,221.05511653177166,13.980557027963357,-2.921,Very dry,True
2026-08-01,276.83068540860415,13.243531809436888,-1.069,Moderately dry,True
2026-09-01,271.04204070235465,13.206634381850904,0.459,Normal,False
2026-10-01,26.462161121472143,12.522199112105682,-1.427,Moderately dry,True
2026-11-01,17.92440040384653,11.343006677150868,-1.815,Moderately dry,True
2026-12-01,9.69668831454308,10.814638338920247,-2.076,Very dry,True
2027-01-01,6.058559407529461,11.695350498131972,-2.33,Very dry,True
2027-02-01,4.831315694673168,12.469112743776122,-2.451,Very dry,True
2027-03-01,18.85414678242779,14.397340992402746,-2.224,Very dry,True
2027-04-01,100.1001488825862,13.718229516537235,-1.547,Moderately dry,True
2027-05-01,81.21614601297242,14.664270599046063,-3.175,Extremely dry,True
2027-06-01,161.08815641416058,14.111443544121983,-2.744,Very dry,True
2027-07-01,244.38008849315898,13.253293410317497,-1.422,Moderately dry,True
2027-08-01,191.6397919607942,14.047962580103672,-0.88,Normal,False
2027-09-01,272.15989815454316,12.796330757448914,0.535,Normal,False
2027-10-01,90.44894712921747,11.939056448270549,0.221,Normal,False
2027-11-01,9.537915992772202,11.046663471835302,-0.193,Normal,False
2027-12-01,13.367717094195632,10.270082054582417,-0.137,Normal,False
2028-01-01,4.514310349591218,11.132438104852326,-0.36,Normal,False
2028-02-01,0.5728710807059024,13.197997321615844,-0.807,Normal,False
2028-03-01,10.125666189997103,14.458607001332382,-1.249,Moderately dry,True
2028-04-01,57.47516612867472,14.828928558174425,-2.101,Very dry,True
2028-05-01,163.46713762538218,14.068188018829801,-0.808,Normal,False
2028-06-01,187.80816446773295,13.935657480819827,-0.044,Normal,False
2028-07-01,310.3467093861036,13.423197257077618,0.561,Normal,False
2028-08-01,235.2033208181804,13.574700005559237,0.817,Normal,False
2028-09-01,182.33949820741523,13.347237565553485,0.918,Normal,False
2028-10-01,52.773014435027044,12.037907035063085,0.22,Normal,False
2028-11-01,6.582494709375615,10.86390370228105,-0.297,Normal,False
2028-12-01,10.264394548914836,10.778967552015729,-0.498,Normal,False
2029-01-01,6.047072554072003,11.277613118282375,-0.703,Normal,False
2029-02-01,1.0454650321591739,13.224641051707238,-1.145,Moderately dry,True
2029-03-01,16.300902094649043,14.261393423887284,-1.163,Moderately dry,True
2029-04-01,52.11134479236384,14.93919991176756,-2.19,Very dry,True
2029-05-01,154.46264381923092,13.93403426349613,-1.118,Moderately dry,True
2029-06-01,132.04847554311038,14.061047502321117,-1.646,Moderately dry,True
2029-07-01,222.8945484130119,14.099211714222577,-0.752,Normal,False
2029-08-01,268.2280436147688,13.85255941615975,0.228,Normal,False
2029-09-01,217.8277580958987,13.98324962548628,0.596,Normal,False
2029-10-01,100.63824445232865,12.186328374151344,0.356,Normal,False
2029-11-01,77.40178704735362,11.617866380074247,0.939,Normal,False
2029-12-01,41.468020279289384,9.967362743458523,1.516,Moderately wet,False
2030-01-01,8.457300731574168,10.874976436938539,1.603,Moderately wet,False
2030-02-01,13.57913670328415,12.114609583052129,1.888,Moderately wet,False
2030-03-01,16.535149305627957,14.321955092584915,1.941,Moderately wet,False
2030-04-01,29.870774251222628,14.391068502818655,1.24,Moderately wet,False
2030-05-01,60.977218935357996,14.555247219685725,0.488,Normal,False
2030-06-01,143.18384139691565,14.289984769403077,0.372,Normal,False
2030-07-01,264.7451353509892,13.652231965275973,0.73,Normal,False
2030-08-01,338.1451010826761,13.667697855468134,1.385,Moderately wet,False
2030-09-01,211.96222596798384,13.484756475123447,1.614,Moderately wet,False
2030-10-01,146.8970501193118,12.220995829500964,1.685,Moderately wet,False
2030-11-01,185.8154215034845,11.34566783127434,3.58,Extremely wet,False
2030-12-01,5.812325086696685,10.687188398401702,3.169,Extremely wet,False
2031-01-01,26.427707087773186,10.719197523288699,3.315,Extremely wet,False
2031-02-01,20.98343731432068,11.69291486739786,3.511,Extremely wet,False
2031-03-01,30.88222299919937,14.53211917184285,3.671,Extremely wet,False
2031-04-01,144.7955341643237,14.109523774432375,3.901,Extremely wet,False
2031-05-01,172.4286736972084,13.360645600672001,3.648,Extremely wet,False
2031-06-01,148.7781780924346,14.09421018672117,3.192,Extremely wet,False
2031-07-01,306.75268480333654,13.489071544525075,3.421,Extremely wet,False
2031-08-01,331.05175052589516,13.74614922652836,3.768,Extremely wet,False
2031-09-01,252.97893542149643,13.782871655090446,4.006,Extremely wet,False
2031-10-01,159.39103153988594,12.862891599946465,3.913,Extremely wet,False
2031-11-01,20.876786211289772,11.425624010250544,3.387,Extremely wet,False
2031-12-01,14.598384555990165,10.95256695048431,3.087,Extremely wet,False
2032-01-01,20.368947559143187,10.303830437682961,3.064,Extremely wet,False
2032-02-01,6.87695376981361,13.302083778156543,2.878,Very wet,False
2032-03-01,3.7417152008500554,15.542586997918079,2.353,Very wet,False
2032-04-01,61.77804447004107,14.367329790019085,1.865,Moderately wet,False
2032-05-01,156.79636321914228,13.767997503076685,1.954,Moderately wet,False
2032-06-01,109.76989061980258,14.492704210887553,1.365,Moderately wet,False
2032-07-01,348.03942878638554,13.909080227114089,1.928,Moderately wet,False
2032-08-01,240.93589135974943,14.023376737087347,2.056,Very wet,False
2032-09-01,179.57959689845168,13.867760521228774,1.993,Moderately wet,False
2032-10-01,143.25287055728325,12.542315140997403,1.978,Moderately wet,False
2032-11-01,29.883117506936735,11.417367915683712,1.771,Moderately wet,False
2032-12-01,17.4913035469953,9.701082998728566,1.763,Moderately wet,False
2033-01-01,32.23423350586805,11.15563910305957,2.195,Very wet,False
2033-02-01,2.281568751714771,13.561456454492486,2.156,Very wet,False
2033-03-01,12.840265470351818,14.305493785924227,1.98,Moderately wet,False
2033-04-01,28.286551899086312,14.70248245507645,1.222,Moderately wet,False
2033-05-01,252.99226414386254,12.871105841983422,2.27,Very wet,False
2033-06-01,248.03994861408236,13.486117102761,2.718,Very wet,False
2033-07-01,189.28714647501283,13.847013579357338,2.547,Very wet,False
2033-08-01,251.14223627358888,13.643943017266906,2.662,Very wet,False
2033-09-01,330.2619707233558,12.70068813569577,3.551,Extremely wet,False
2033-10-01,93.28055701796538,11.972746350093246,2.95,Very wet,False
2033-11-01,9.64998782011261,10.94677272743479,2.392,Very wet,False
2033-12-01,7.499454253813219,10.28269364743744,2.045,Very wet,False
2034-01-01,7.473315728260898,11.577026229724254,1.783,Moderately wet,False
2034-02-01,0.332762194267986,13.936800346169605,1.413,Moderately wet,False
2034-03-01,22.14975044764227,13.9965101883422,1.343,Moderately wet,False
2034-04-01,127.23475401114511,14.182069066340318,1.584,Moderately wet,False
2034-05-01,263.626206543942,12.834884357393719,2.464,Very wet,False
2034-06-01,320.7575059503587,13.438989737836835,3.435,Extremely wet,False
2034-07-01,248.19270077919663,13.973808421980834,3.408,Extremely wet,False
2034-08-01,269.75543672667817,14.61311265701795,3.486,Extremely wet,False
2034-09-01,300.36397465371067,13.946983458702277,4.053,Extremely wet,False
2034-10-01,275.2834510627531,12.489667680176467,5.02,Extremely wet,False
2034-11-01,40.1535105470045,10.99843704190414,4.651,Extremely wet,False
2034-12-01,6.040218278951435,10.599979189037526,4.137,Extremely wet,False
2035-01-01,2.820600299102699,11.262611973557739,3.698,Extremely wet,False
2035-02-01,13.166595825912884,13.222763888470922,3.526,Extremely wet,False
2035-03-01,23.91526987302696,14.106960196488728,3.371,Extremely wet,False
2035-04-01,47.00126576122239,14.3397412105964,2.661,Very wet,False
2035-05-01,108.66661410314282,14.125831742934508,2.217,Very wet,False
2035-06-01,114.76643819839812,14.592084831514512,1.662,Moderately wet,False
2035-07-01,269.96446181251633,13.917543780456754,1.901,Moderately wet,False
2035-08-01,338.11605787100325,14.063181652307208,2.426,Very wet,False
2035-09-01,229.98415134817506,14.114490258775106,2.642,Very wet,False
2035-10-01,135.32640791289927,12.938718678828707,2.469,Very wet,False
2035-11-01,36.161521291778726,11.70627909464747,2.284,Very wet,False
2035-12-01,16.968945170149425,10.948033370000417,2.193,Very wet,False
2036-01-01,9.130457171433834,11.487372599965056,2.096,Very wet,False
2036-02-01,2.058593796694386,12.659413172312952,1.884,Moderately wet,False
2036-03-01,15.409341733631097,15.003758833878635,1.691,Moderately wet,False
2036-04-01,141.73297507717632,14.137168686574398,2.043,Very wet,False
2036-05-01,172.31408838769423,14.204700350012843,1.943,Moderately wet,False
2036-06-01,454.44578783448344,13.413341181809756,3.961,Extremely wet,False
2036-07-01,276.98663794891337,13.765914740595065,3.993,Extremely wet,False
2036-08-01,200.25838774694498,14.802559037933861,3.724,Extremely wet,False
2036-09-01,215.6667577864385,14.222060904409204,3.71,Extremely wet,False
2036-10-01,82.21473676657673,13.097815601696482,2.94,Very wet,False
2036-11-01,25.28711700487416,12.346191915005875,2.538,Very wet,False
2036-12-01,48.64894366028203,11.987689542540863,2.956,Very wet,False
2037-01-01,9.857507152220059,12.489551269683375,2.846,Very wet,False
2037-02-01,5.229727470225679,14.458103852946692,2.675,Very wet,False
2037-03-01,8.541338386209274,15.468785411823546,2.256,Very wet,False
2037-04-01,186.02777838975692,14.337361341929125,2.954,Very wet,False
2037-05-01,166.04785177077795,14.281789733650498,2.696,Very wet,False
2037-06-01,130.47134270618307,14.848672436706352,2.169,Very wet,False
2037-07-01,230.49132626379287,14.74263504495093,2.189,Very wet,False
2037-08-01,335.57662213173194,14.493477392741056,2.663,Very wet,False
2037-09-01,237.95668543242374,14.61632588205191,2.887,Very wet,False
2037-10-01,131.69460233305918,13.263280072183363,2.641,Very wet,False
2037-11-01,8.227921092510725,11.706490872372342,2.067,Very wet,False
2037-12-01,7.118217646033346,11.029193685384541,1.701,Moderately wet,False
2038-01-01,1.0318501934193804,12.34684877617542,1.282,Moderately wet,False
2038-02-01,1.9842619300356916,13.253139180836968,0.938,Normal,False
2038-03-01,41.47478326857253,14.844669684014036,1.246,Moderately wet,False
2038-04-01,98.59756925327304,14.787528280424226,1.201,Moderately wet,False
2038-05-01,148.22315568388538,14.093882948956889,1.151,Moderately wet,False
2038-06-01,126.05924780241332,14.352188799272653,0.772,Normal,False
2038-07-01,260.028016244688,14.023774053382056,1.063,Moderately wet,False
2038-08-01,282.4480896550057,14.235941172450453,1.443,Moderately wet,False
2038-09-01,193.84643865750712,14.430115854185829,1.515,Moderately wet,False
2038-10-01,70.22136286664922,13.1758835948566,0.859,Normal,False
2038-11-01,7.322344619701915,11.52437079440898,0.464,Normal,False
2038-12-01,12.356748401463289,11.277317737801468,0.356,Normal,False
2039-01-01,2.364664267515477,12.958287468891342,0.107,Normal,False
2039-02-01,8.050784588233945,14.108951501452225,0.004,Normal,False
2039-03-01,57.69701021820012,15.271420679581865,0.723,Normal,False
2039-04-01,30.304965616930573,15.028905515379165,0.084,Normal,False
2039-05-01,99.0589825610031,14.72976827825346,-0.581,Normal,False
2039-06-01,150.20702418250812,14.292190094791351,-0.626,Normal,False
2039-07-01,371.20454740196016,13.571699159611569,0.621,Normal,False
2039-08-01,263.3008722341766,14.730909130420514,0.957,Normal,False
2039-09-01,200.4623296783515,14.583575556174821,1.116,Moderately wet,False
2039-10-01,146.76747120720003,13.243466466535892,1.189,Moderately wet,False
2039-11-01,2.1337090161556937,11.578440457236354,0.689,Normal,False
2039-12-01,4.574069371922083,11.052487374802183,0.392,Normal,False
2040-01-01,1.4202530446732922,12.335428942072895,0.082,Normal,False
2040-02-01,3.623813713344587,13.389925078045621,-0.429,Normal,False
2040-03-01,3.269120203917133,14.618489623654341,-1.534,Moderately dry,True
2040-04-01,45.01195394328896,15.349951398334838,-2.834,Very dry,True
2040-05-01,58.5243234549532,14.958528639971348,-4.474,Extremely dry,True
2040-06-01,237.31792350515266,14.68850551680282,-2.026,Very dry,True
2040-07-01,284.9254984180627,13.912840236768432,-0.343,Normal,False
2040-08-01,357.90365008914347,14.171879320181006,0.701,Normal,False
2040-09-01,282.2175866979275,13.969422709050264,1.437,Moderately wet,False
2040-10-01,195.3208984812855,12.486394780357955,1.952,Moderately wet,False
2040-11-01,0.16559925141369872,11.64971896259732,1.345,Moderately wet,False
2040-12-01,2.021752087223018,12.135134183211221,0.878,Normal,False
2041-01-01,6.917934303352733,12.001473062892046,0.597,Normal,False
2041-02-01,7.325682557937105,13.344205443617,0.413,Normal,False
2041-03-01,2.1618791824105594,15.67601553224074,-0.159,Normal,False
2041-04-01,155.93624223253107,15.651161849242271,0.524,Normal,False
2041-05-01,235.97717886588495,13.628669677891367,1.183,Moderately wet,False
2041-06-01,154.56706984420921,14.605978190626843,1.001,Moderately wet,False
2041-07-01,322.5467047062971,13.718431446276725,1.51,Moderately wet,False
2041-08-01,212.06929418657998,14.046148234117254,1.563,Moderately wet,False
2041-09-01,247.3147737612172,14.10347733817457,1.98,Moderately wet,False
2041-10-01,203.04503467811134,12.11266139543369,2.525,Very wet,False
2041-11-01,28.934659784926374,11.479253073084465,2.247,Very wet,False
2041-12-01,4.642668575468689,11.182581440187903,1.891,Moderately wet,False
2042-01-01,0.8862751950585434,13.051459927483222,1.524,Moderately wet,False
2042-02-01,6.266634945564302,13.599903321992713,1.282,Moderately wet,False
2042-03-01,46.726615635082595,14.602659433721897,1.696,Moderately wet,False
2042-04-01,176.67021915930678,14.804944881270615,2.349,Very wet,False
2042-05-01,134.2262910320864,14.05837867583216,1.885,Moderately wet,False
2042-06-01,180.78063050789433,14.317090545131464,1.838,Moderately wet,False
2042-07-01,383.00963463500256,14.340893373547487,2.474,Very wet,False
2042-08-01,347.7352582921428,14.721910906832477,2.963,Very wet,False
2042-09-01,376.4310817349932,13.542134860600356,4.09,Extremely wet,False
2042-10-01,169.09403329049255,13.309676707286485,4.055,Extremely wet,False
2042-11-01,34.722558652325056,11.59741592997159,3.692,Extremely wet,False
2042-12-01,14.561567201558542,10.824269243248523,3.409,Extremely wet,False
2043-01-01,4.198065648533,12.235077229736362,3.065,Extremely wet,False
2043-02-01,6.049663492196732,12.882159565817574,2.779,Very wet,False
2043-03-01,8.57501176149169,15.479523659437064,2.321,Very wet,False
2043-04-01,51.97078198160086,15.594201579085848,1.689,Moderately wet,False
2043-05-01,218.4859552840163,14.438486627036752,2.319,Very wet,False
2043-06-01,291.20142487795886,14.380868872432927,3.045,Extremely wet,False
2043-07-01,225.14376689741673,15.017865361990175,2.948,Very wet,False
2043-08-01,305.7781254399616,14.749056013783616,3.217,Extremely wet,False
2043-09-01,364.4492122921011,13.548189146164702,4.24,Extremely wet,False
2043-10-01,237.62747531997982,13.193532687859772,4.814,Extremely wet,False
2043-11-01,42.923823897857886,11.330910327434708,4.491,Extremely wet,False
2043-12-01,23.322331071055114,10.990851511485744,4.318,Extremely wet,False
2044-01-01,5.670994078522255,11.792494957618715,3.986,Extremely wet,False
2044-02-01,6.458978960597936,13.427105017921235,3.722,Extremely wet,False
2044-03-01,15.496459591387799,14.945872647794545,3.37,Extremely wet,False
2044-04-01,102.56897926004143,14.117666950256421,3.185,Extremely wet,False
2044-05-01,104.73682034187448,14.980043672901502,2.459,Very wet,False
2044-06-01,192.4947233610885,14.530811893410373,2.431,Very wet,False
2044-07-01,273.2426071416677,14.044210117184434,2.6,Very wet,False
2044-08-01,250.71776503514184,15.00371869198591,2.675,Very wet,False
2044-09-01,189.26081172071383,14.414047365254419,2.591,Very wet,False
2044-10-01,173.85496950552917,13.700434439042624,2.735,Very wet,False
2044-11-01,14.45512584602803,12.472092825202765,2.206,Very wet,False
2044-12-01,43.65587759888302,11.521599961946094,2.53,Very wet,False
2045-01-01,7.371521848406732,11.41104957314019,2.354,Very wet,False
2045-02-01,2.5198703353355274,13.95110850813478,2.107,Very wet,False
2045-03-01,16.72813175537292,15.758157509232944,1.867,Moderately wet,False
2045-04-01,204.60441915157736,14.118579798071778,2.789,Very wet,False
2045-05-01,369.550824948273,14.09706945378906,4.346,Extremely wet,False
2045-06-01,192.0403325101616,15.02964192535859,4.098,Extremely wet,False
2045-07-01,180.76504255204242,14.427914941137828,3.74,Extremely wet,False
2045-08-01,181.04854471697516,14.925956358233293,3.415,Extremely wet,False
2045-09-01,291.65842966233856,14.262577587486874,3.922,Extremely wet,False
2045-10-01,332.04047948668926,12.252107647934736,5.425,Extremely wet,False
2045-11-01,25.74088212821177,11.587357416826023,4.802,Extremely wet,False
2045-12-01,14.982156960344883,11.26962744192133,4.368,Extremely wet,False
2046-01-01,7.443636671598118,12.183853294729715,3.933,Extremely wet,False
2046-02-01,3.4930891053712427,12.650808186018708,3.48,Extremely wet,False
2046-03-01,12.552147497071717,15.113992518618431,3.021,Extremely wet,False
2046-04-01,88.24983307032336,14.646071616173742,2.703,Very wet,False
2046-05-01,110.38875247231276,15.012796921325616,2.149,Very wet,False
2046-06-01,169.94963869636973,14.781853010061411,1.988,Moderately wet,False
2046-07-01,260.55811486453456,14.454404467919403,2.146,Very wet,False
2046-08-01,305.29893712538944,14.650099044979697,2.498,Very wet,False
2046-09-01,319.72308533622777,13.951937407012394,3.291,Extremely wet,False
2046-10-01,66.45299936605761,12.894018870127752,2.432,Very wet,False
2046-11-01,5.442191886730918,12.22191205327755,1.824,Moderately wet,False
2046-12-01,5.460060607267161,12.034356742114198,1.389,Moderately wet,False
2047-01-01,6.103518138807717,11.710509596565714,1.075,Moderately wet,False
2047-02-01,1.2039257801406988,13.672472767849058,0.718,Normal,False
2047-03-01,14.399901495616396,15.15978982437889,0.485,Normal,False
2047-04-01,148.0662861031069,13.85738282573152,1.015,Moderately wet,False
2047-05-01,201.98347781138858,14.364373222781978,1.273,Moderately wet,False
2047-06-01,235.79410595983995,14.4446331702635,1.692,Moderately wet,False
2047-07-01,268.82527591628536,13.820279704851885,1.926,Moderately wet,False
2047-08-01,203.4913364988258,15.006737949331239,1.878,Moderately wet,False
2047-09-01,325.12384113521927,14.334805388014729,2.756,Very wet,False
2047-10-01,134.21735612939088,13.406268465248786,2.539,Very wet,False
2047-11-01,183.82426804373384,11.818499309899664,4.302,Extremely wet,False
2047-12-01,6.706896871466432,11.19534793833219,3.818,Extremely wet,False
2048-01-01,15.478811456695112,11.758298696983502,3.655,Extremely wet,False
2048-02-01,0.9696433617557827,13.346799505149818,3.264,Extremely wet,False
2048-03-01,22.745953525562523,14.645634363118745,3.07,Extremely wet,False
2048-04-01,56.57189538094636,15.058018359177765,2.441,Very wet,False
2048-05-01,135.32456033272902,15.18369845582265,2.205,Very wet,False
2048-06-01,185.4156699818803,14.704879166376827,2.157,Very wet,False
2048-07-01,258.43859239142404,14.622218768840526,2.286,Very wet,False
2048-08-01,272.9730697940242,14.440559109541255,2.497,Very wet,False
2048-09-01,330.4126643966371,14.434431265207593,3.342,Extremely wet,False
2048-10-01,237.88215073386732,13.210413457962147,4.011,Extremely wet,False
2048-11-01,71.68952001028104,12.221044710879141,4.119,Extremely wet,False
2048-12-01,20.40265132490231,11.313945910348423,3.917,Extremely wet,False
2049-01-01,2.731474848959328,12.399279639710244,3.545,Extremely wet,False
2049-02-01,4.648357734100842,12.596927917436744,3.218,Extremely wet,False
2049-03-01,78.17309390099425,14.554934312817977,4.158,Extremely wet,False
2049-04-01,135.35980158577993,15.099957604779831,4.235,Extremely wet,False
2049-05-01,232.5844825210472,14.485048008647027,4.419,Extremely wet,False
2049-06-01,175.75204590320212,15.375231659415078,4.028,Extremely wet,False
2049-07-01,208.48321477406583,15.553953684537646,3.754,Extremely wet,False
2049-08-01,318.7104257851619,15.2346195040912,3.981,Extremely wet,False
2049-09-01,215.39688716875776,15.089489951992846,3.906,Extremely wet,False
2049-10-01,115.51197599299964,14.134099006695862,3.366,Extremely wet,False
2049-11-01,5.456190269226908,11.974093376943301,2.671,Very wet,False
2049-12-01,50.62277981455295,11.823040690463756,3.043,Extremely wet,False
2050-01-01,28.693836327455564,12.1324595367891,3.241,Extremely wet,False
2050-02-01,25.388370974619566,12.553750213408307,3.527,Extremely wet,False
2050-03-01,12.910304656996685,15.463230512754933,3.298,Extremely wet,False
2050-04-01,96.09331501879755,16.26585176200706,2.982,Very wet,False
2050-05-01,186.39467285547587,15.243302328537254,3.022,Extremely wet,False
2050-06-01,184.87973729412718,15.035849923469812,2.857,Very wet,False
2050-07-01,211.7275509244143,15.166659997982379,2.725,Very wet,False
2050-08-01,309.4165189155238,14.601628803909875,3.035,Extremely wet,False
2050-09-01,193.94451249646744,14.730727425796886,2.933,Very wet,False
2050-10-01,197.36437823554485,13.240782832729906,3.276,Extremely wet,False
2050-11-01,50.45830440954823,12.118775692239012,3.181,Extremely wet,False
2050-12-01,8.926090530491274,11.952640681241633,2.832,Very wet,False
2051-01-01,0.4685107774902672,12.848639655616978,2.443,Very wet,False
2051-02-01,6.959593703758903,13.3613897007844,2.177,Very wet,False
2051-03-01,9.911601048499556,15.968696606519302,1.749,Moderately wet,False
2051-04-01,32.83362778441724,16.06398873015604,0.968,Normal,False
2051-05-01,206.095874783206,14.856964356724916,1.555,Moderately wet,False
2051-06-01,106.1967303179982,15.14193882384211,0.952,Normal,False
2051-07-01,242.9668084431069,15.101236036742193,1.136,Moderately wet,False
2051-08-01,212.20932777573475,15.544235509961482,1.191,Moderately wet,False
2051-09-01,177.82981755987709,14.427830720268958,1.185,Moderately wet,False
2051-10-01,124.76375215142922,14.115675355605902,1.01,Moderately wet,False
2051-11-01,14.064809044538267,12.946204390998673,0.635,Normal,False
2051-12-01,65.08399605651931,11.498961735827208,1.526,Moderately wet,False
2052-01-01,5.16935216486813,12.397251720883787,1.499,Moderately wet,False
2052-02-01,1.101294315235263,14.201097274830829,1.39,Moderately wet,False
2052-03-01,16.375225468404665,15.934209870669974,1.229,Moderately wet,False
2052-04-01,84.86508342857259,15.617890865657387,1.023,Moderately wet,False
2052-05-01,174.39772488669138,14.831054260351607,1.24,Moderately wet,False
2052-06-01,172.9310929397989,15.518796335414208,1.148,Moderately wet,False
2052-07-01,176.6546173614086,15.313121941554641,1.058,Moderately wet,False
2052-08-01,190.45450038200389,15.62329420618272,1.031,Moderately wet,False
2052-09-01,317.232150995235,15.107217884541,1.917,Moderately wet,False
2052-10-01,154.38802543343272,13.723973959816362,1.954,Moderately wet,False
2052-11-01,39.928161220856985,12.96421304970039,1.823,Moderately wet,False
2052-12-01,11.929377471747669,11.280350092508002,1.662,Moderately wet,False
2053-01-01,8.70379924964554,12.044654971983334,1.556,Moderately wet,False
2053-02-01,1.5604676095701813,14.253573212670005,1.315,Moderately wet,False
2053-03-01,21.219432580036322,15.500579514309038,1.219,Moderately wet,False
2053-04-01,216.0104378288936,15.771915154894089,2.24,Very wet,False
2053-05-01,242.2405625585005,15.2416758912521,2.676,Very wet,False
2053-06-01,209.97758147916844,15.792679324722883,2.699,Very wet,False
2053-07-01,180.52087350809092,15.078765255075837,2.469,Very wet,False
2053-08-01,262.3116498423435,15.692121868366485,2.586,Very wet,False
2053-09-01,269.47018882326296,15.101046474733039,3.004,Extremely wet,False
2053-10-01,210.30282277368164,14.406975667656297,3.4,Extremely wet,False
2053-11-01,34.61092693718485,13.044610286087675,3.047,Extremely wet,False
2053-12-01,9.518120731460707,11.660489766535875,2.68,Very wet,False
2054-01-01,2.7076633380165247,11.884251472396727,2.294,Very wet,False
2054-02-01,4.722588965358227,14.088468786279577,1.972,Moderately wet,False
2054-03-01,31.669137146572922,15.488975543182619,1.994,Moderately wet,False
2054-04-01,32.68686919108158,16.688655629086043,1.167,Moderately wet,False
2054-05-01,155.51411224425817,15.940297053088045,1.226,Moderately wet,False
2054-06-01,138.4975076261637,15.514924124441563,0.887,Normal,False
2054-07-01,273.33117405137443,14.880631694840474,1.197,Moderately wet,False
2054-08-01,332.555908905966,15.00937253292551,1.748,Moderately wet,False
2054-09-01,352.6157726269907,14.704886663682146,2.804,Very wet,False
2054-10-01,253.14114411144953,13.803328098739371,3.637,Extremely wet,False
2054-11-01,3.2110743234963848,11.809421814288555,2.89,Very wet,False
2054-12-01,6.067487847125034,11.638718689782763,2.373,Very wet,False
2055-01-01,9.108292651916155,12.250121046314064,2.012,Very wet,False
2055-02-01,3.906738962097119,13.923800324116826,1.623,Moderately wet,False
2055-03-01,65.01956085470022,15.543952275872357,2.303,Very wet,False
2055-04-01,30.932246263271146,15.84815708298595,1.471,Moderately wet,False
2055-05-01,182.8990278805889,15.267855999483686,1.77,Moderately wet,False
2055-06-01,86.14346769705672,16.141439998851695,0.951,Normal,False
2055-07-01,293.8724779838054,15.217358320718006,1.323,Moderately wet,False
2055-08-01,269.5445692142457,15.461894871672655,1.594,Moderately wet,False
2055-09-01,348.49903050464525,15.090542137883517,2.625,Very wet,False
2055-10-01,322.81788430078916,14.100276352996161,4.091,Extremely wet,False
2055-11-01,12.063465278896652,12.516623152982902,3.388,Extremely wet,False
2055-12-01,11.772491551526258,12.029869399265806,2.939,Very wet,False
2056-01-01,7.035949858882528,12.356298591586949,2.512,Very wet,False
2056-02-01,2.502833893053013,14.75054885196431,2.029,Very wet,False
2056-03-01,11.411720822354042,17.249509318639753,1.514,Moderately wet,False
2056-04-01,99.2494370148074,15.455940740558844,1.4,Moderately wet,False
2056-05-01,94.42633967229858,15.692247163430409,0.806,Normal,False
2056-06-01,143.46605601407376,16.129329189375596,0.543,Normal,False
2056-07-01,194.96114545020814,16.09772064214178,0.565,Normal,False
2056-08-01,276.2390518573179,16.009281325842835,0.928,Normal,False
2056-09-01,342.5104091739333,15.691541836258239,1.966,Moderately wet,False
2056-10-01,71.43693914436541,14.466330795622639,1.213,Moderately wet,False
2056-11-01,73.34113380660233,13.361119840660763,1.587,Moderately wet,False
2056-12-01,24.396612454761915,12.760379033599634,1.677,Moderately wet,False
2057-01-01,20.72797204554966,12.281654030929985,1.891,Moderately wet,False
2057-02-01,6.424878185930149,14.457988571938131,1.877,Moderately wet,False
2057-03-01,6.711336304838771,16.40082067429006,1.502,Moderately wet,False
2057-04-01,106.58336861373654,16.386301902653827,1.433,Moderately wet,False
2057-05-01,42.958283209801884,16.45012043647324,0.315,Normal,False
2057-06-01,138.6669300791589,16.36444011203139,0.091,Normal,False
2057-07-01,205.71754718879,15.654334924709588,0.211,Normal,False
2057-08-01,294.0242344834301,15.280589579973366,0.7,Normal,False
2057-09-01,276.66133330442835,15.606719651249364,1.34,Moderately wet,False
2057-10-01,102.48908871206116,14.600799794147576,0.924,Normal,False
2057-11-01,22.511855860480697,13.372367733860585,0.652,Normal,False
2057-12-01,12.726661403875108,13.017959681738319,0.498,Normal,False
2058-01-01,7.595479109708645,13.433938234513903,0.301,Normal,False
2058-02-01,4.428648579107926,14.691668210002206,0.076,Normal,False
2058-03-01,7.200152676330047,15.544367453462598,-0.794,Normal,False
2058-04-01,22.682563956367105,16.56878641299022,-3.012,Extremely dry,True
2058-05-01,108.42667702874995,16.03388862641009,-3.411,Extremely dry,True
2058-06-01,123.58127787673651,15.823426881342186,-3.989,Extremely dry,True
2058-07-01,227.0774317635856,15.844659054421868,-2.932,Very dry,True
2058-08-01,212.66551400878618,14.996932183168838,-2.037,Very dry,True
2058-09-01,199.598610634055,15.272181755539748,-1.112,Moderately dry,True
2058-10-01,81.17725728531421,14.326069792275575,-2.44,Very dry,True
2058-11-01,7.016546513057332,12.840904995235974,-3.329,Extremely dry,True
2058-12-01,28.778979193879053,13.393148042371308,-2.528,Very dry,True
2059-01-01,3.509089595160538,14.432233612791038,-3.005,Extremely dry,True
2059-02-01,22.21088550202444,14.980523938059548,-2.167,Very dry,True
2059-03-01,79.94056137176585,15.87042011161492,0.528,Normal,False
2059-04-01,189.11843102266016,16.022777509059324,1.399,Moderately wet,False
2059-05-01,406.52688454411634,15.261314200252627,3.363,Extremely wet,False
2059-06-01,355.4526793386742,15.656331909672417,4.403,Extremely wet,False
2059-07-01,195.7213141392482,15.973014156602346,4.033,Extremely wet,False
2059-08-01,259.5070290111963,15.977435243402738,3.971,Extremely wet,False
2059-09-01,461.07126012799813,15.424959967233576,5.472,Extremely wet,False
2059-10-01,242.6687341960303,14.199964559411058,5.916,Extremely wet,False
2059-11-01,17.337082958054594,13.154254736296252,5.07,Extremely wet,False
2059-12-01,14.84655941042815,12.737618293477055,4.491,Extremely wet,False
2060-01-01,15.870450638077003,12.178475563815198,4.095,Extremely wet,False
2060-02-01,4.876769446277202,13.699096209578045,3.577,Extremely wet,False
2060-03-01,9.432247726582004,16.1959517495535,2.956,Very wet,False
2060-04-01,160.76429918118754,16.034397017068954,3.253,Extremely wet,False
2060-05-01,61.916225938123986,16.247651480850948,1.948,Moderately wet,False
2060-06-01,227.94342962844135,16.205916227194905,2.172,Very wet,False
2060-07-01,276.4171397818736,15.311131022109521,2.35,Very wet,False
2060-08-01,304.84838808244456,15.486149683730616,2.659,Very wet,False
2060-09-01,327.9948144881652,15.0913573965816,3.448,Extremely wet,False
2060-10-01,136.78641341245162,14.498913008864122,3.13,Extremely wet,False
2060-11-01,18.86286018336852,13.130984953290692,2.593,Very wet,False
2060-12-01,18.781066279641234,13.387278545872164,2.331,Very wet,False
2061-01-01,15.4625852558095,13.161852082668531,2.13,Very wet,False
2061-02-01,2.383910023749284,15.22095777270738,1.715,Moderately wet,False
2061-03-01,29.03934187777504,16.339087752533715,1.636,Moderately wet,False
2061-04-01,74.77092405640246,16.402645900237303,1.246,Moderately wet,False
2061-05-01,311.1011314510767,15.29249480842418,2.681,Very wet,False
2061-06-01,292.8429697360223,15.604895439078462,3.328,Extremely wet,False
2061-07-01,313.70150748366535,15.276044207008908,3.528,Extremely wet,False
2061-08-01,280.06397437066295,15.467475583353007,3.615,Extremely wet,False
2061-09-01,382.47100003795646,14.835215984846172,4.666,Extremely wet,False
2061-10-01,272.42716767876277,13.909537529698014,5.476,Extremely wet,False
2061-11-01,318.2853796085352,12.851447757383482,8.681,Extremely wet,False
2061-12-01,15.548291517841772,11.87780385892762,7.897,Extremely wet,False
2062-01-01,3.039901033051788,12.068859072208,7.086,Extremely wet,False
2062-02-01,8.185007918907719,13.669247366123045,6.435,Extremely wet,False
2062-03-01,8.939284914972442,17.22879761569169,5.553,Extremely wet,False
2062-04-01,41.86734385668802,16.463520995544002,4.446,Extremely wet,False
2062-05-01,93.51113225840787,16.229728867468623,3.612,Extremely wet,False
2062-06-01,152.23973679663476,16.282461332121784,3.148,Extremely wet,False
2062-07-01,235.1239755432552,15.86279090417247,3.058,Extremely wet,False
2062-08-01,348.88574441580914,15.634765839363752,3.469,Extremely wet,False
2062-09-01,320.73074200120107,15.8298989985405,4.099,Extremely wet,False
2062-10-01,71.71637697906777,14.292627919311428,3.137,Extremely wet,False
2062-11-01,36.43836141484776,13.202934885201671,2.829,Very wet,False
2062-12-01,38.93114450647211,11.816835489158052,3.056,Extremely wet,False
2063-01-01,17.888949374229025,12.898119152517381,3.09,Extremely wet,False
2063-02-01,18.929902285024692,14.500906153858693,3.231,Extremely wet,False
2063-03-01,31.148882984579075,16.796780124284282,3.267,Extremely wet,False
2063-04-01,525.652635600501,16.00856938737752,7.009,Extremely wet,False
2063-05-01,206.55170357830536,15.103819434653644,6.647,Extremely wet,False
2063-06-01,235.86365378494958,15.829942822486487,6.452,Extremely wet,False
2063-07-01,246.33375985975493,16.015311018209445,6.06,Extremely wet,False
2063-08-01,293.6592592786479,15.615232529949822,5.938,Extremely wet,False
2063-09-01,256.2271726918433,15.745873471636003,5.9,Extremely wet,False
2063-10-01,240.99563335248152,14.139038555973798,6.288,Extremely wet,False
2063-11-01,150.8048966631302,13.289609464877458,7.169,Extremely wet,False
2063-12-01,13.127858566774641,13.278237954284407,6.449,Extremely wet,False
2064-01-01,20.707115495811856,13.2362575306841,6.08,Extremely wet,False
2064-02-01,3.6834381184273886,14.753753789894063,5.452,Extremely wet,False
2064-03-01,40.826448676462434,16.074340229962786,5.31,Extremely wet,False
2064-04-01,49.36988342607751,16.953395167326676,4.295,Extremely wet,False
2064-05-01,183.20388100908315,16.069347104415044,4.253,Extremely wet,False
2064-06-01,178.9135741170867,16.085559651373558,3.87,Extremely wet,False
2064-07-01,277.31261680497965,15.720202824794228,3.868,Extremely wet,False
2064-08-01,283.9296518764948,16.078799585185948,3.92,Extremely wet,False
2064-09-01,264.02486142174484,16.228003539008114,4.123,Extremely wet,False
2064-10-01,192.59578722040624,15.152658339513891,4.207,Extremely wet,False
2064-11-01,90.34845057717811,13.13687648956244,4.507,Extremely wet,False
2064-12-01,16.983598559419224,12.56145341288402,4.159,Extremely wet,False
2065-01-01,5.053520715561644,13.056894429847432,3.754,Extremely wet,False
2065-02-01,2.292852137746818,15.681015358919183,3.256,Extremely wet,False
2065-03-01,73.06489278036285,16.497543149653893,3.923,Extremely wet,False
2065-04-01,76.49481733479537,16.04904250358902,3.357,Extremely wet,False
2065-05-01,382.3203650650779,15.542001855238937,5.14,Extremely wet,False
2065-06-01,191.0263735967191,16.798706593820953,4.723,Extremely wet,False
2065-07-01,233.8695652693227,15.685286135353408,4.47,Extremely wet,False
2065-08-01,226.22709521477222,16.535928977451704,4.214,Extremely wet,False
2065-09-01,293.4151876858085,15.820457002279056,4.592,Extremely wet,False
2065-10-01,154.90893680280027,15.233391386978269,4.283,Extremely wet,False
2065-11-01,5.805518121949886,13.558710249918306,3.436,Extremely wet,False
2065-12-01,12.756847699319216,13.097082944635588,2.902,Very wet,False
2066-01-01,5.82392696324874,13.43574044879756,2.348,Very wet,False
2066-02-01,2.27903568739723,16.45047623942429,1.748,Moderately wet,False
2066-03-01,13.555592080647266,18.266040201285534,1.202,Moderately wet,False
2066-04-01,167.88911154411312,16.61083718973532,1.709,Moderately wet,False
2066-05-01,456.3608166654619,15.254884732895846,4.084,Extremely wet,False
2066-06-01,189.58845202966864,15.976699178301942,3.803,Extremely wet,False
2066-07-01,186.53409498332576,16.22044516076852,3.455,Extremely wet,False
2066-08-01,375.3038080650958,16.110557382898094,3.92,Extremely wet,False
2066-09-01,384.71656670789565,15.358600732474088,4.935,Extremely wet,False
2066-10-01,126.78746305802207,14.274057675277447,4.385,Extremely wet,False
2066-11-01,83.99589443293794,12.862303601695885,4.592,Extremely wet,False
2066-12-01,48.433259218624286,11.900317323075171,4.869,Extremely wet,False
2067-01-01,6.1618688950591824,13.958046385361797,4.549,Extremely wet,False
2067-02-01,17.456849273849116,15.371298716753188,4.522,Extremely wet,False
2067-03-01,23.026243675154358,16.574523327829013,4.238,Extremely wet,False
2067-04-01,55.11875778751737,16.417493816383114,3.419,Extremely wet,False
2067-05-01,167.74215577930954,16.72077778938109,3.286,Extremely wet,False
2067-06-01,136.97758179889314,16.91243319005548,2.653,Very wet,False
2067-07-01,191.4344261032131,16.44367934760521,2.436,Very wet,False
2067-08-01,263.3658477562777,16.150244743031067,2.55,Very wet,False
2067-09-01,350.86086876672357,16.17754181511532,3.457,Extremely wet,False
2067-10-01,226.61777136531083,14.205969483267268,3.963,Extremely wet,False
2067-11-01,6.661790565123357,13.975266105740388,3.144,Extremely wet,False
2067-12-01,8.455509851550799,12.865275695637536,2.559,Very wet,False
2068-01-01,4.73404844815557,14.838092899333787,1.94,Moderately wet,False
2068-02-01,20.233750505050573,15.719150440728072,1.747,Moderately wet,False
2068-03-01,26.81669337687006,17.357423151100363,1.524,Moderately wet,False
2068-04-01,221.53409303882177,17.11925725296851,2.484,Very wet,False
2068-05-01,194.84806629957123,16.47394864676687,2.412,Very wet,False
2068-06-01,171.55074801862276,16.74326349104325,2.134,Very wet,False
2068-07-01,305.9632572209732,16.488560929018377,2.4,Very wet,False
2068-08-01,352.0933011300491,16.338060877997236,2.873,Very wet,False
2068-09-01,313.734577034852,16.12123937710942,3.509,Extremely wet,False
2068-10-01,105.42934565310841,15.341126431710222,2.86,Very wet,False
2068-11-01,130.86670706850106,13.632474920678249,3.817,Extremely wet,False
2068-12-01,10.849179660795011,13.226445428872296,3.399,Extremely wet,False
2069-01-01,34.105765746595374,13.721963048535258,3.599,Extremely wet,False
2069-02-01,9.937034381807553,14.211245177446472,3.433,Extremely wet,False
2069-03-01,9.391423032439452,16.88362756633495,2.933,Very wet,False
2069-04-01,31.27573428323548,17.84436435721949,1.938,Moderately wet,False
2069-05-01,84.46415969857294,17.170329096649652,1.232,Moderately wet,False
2069-06-01,151.6501495921483,17.278437056904522,0.976,Normal,False
2069-07-01,174.62640319874862,16.429596677844415,0.869,Normal,False
2069-08-01,277.21691704356397,16.28910627085503,1.197,Moderately wet,False
2069-09-01,594.5467084333824,15.648729996878046,3.837,Extremely wet,False
2069-10-01,264.36741033005103,14.984212810756787,4.607,Extremely wet,False
2069-11-01,41.843084852412986,12.952326269638377,4.229,Extremely wet,False
2069-12-01,10.986760908170695,13.649762678779837,3.732,Extremely wet,False
2070-01-01,7.666449654574501,12.910973417004868,3.311,Extremely wet,False
2070-02-01,7.358699872415629,15.847555425679616,2.903,Very wet,False
2070-03-01,35.75256452166246,16.328948413180967,2.854,Very wet,False
2070-04-01,110.95614609152157,15.960796325378908,2.705,Very wet,False
2070-05-01,231.11416577551225,16.326004410276767,3.095,Extremely wet,False
2070-06-01,135.79196127523795,16.785581909584323,2.479,Very wet,False
2070-07-01,253.68938407742317,16.173488170413066,2.52,Very wet,False
2070-08-01,431.8745884012575,16.267768451122436,3.308,Extremely wet,False
2070-09-01,538.5959371867201,15.852601344498282,5.361,Extremely wet,False
2070-10-01,527.4312363099125,14.929054993877003,8.351,Extremely wet,False
2070-11-01,24.48544366655602,12.90254640911354,7.359,Extremely wet,False
2070-12-01,7.368091195239514,12.92802037223339,6.433,Extremely wet,False
