date,row,col,lat,lon,rain,tmax,tmean,soilm,pet_fao
2010-01-01,3,4,10.64171,37.86474,43.9,15.1194,8.5194,0.3333,101.71
2010-02-01,3,4,10.64171,37.86474,37.6,16.0964,10.0929,0.3275,99.62
2010-03-01,3,4,10.64171,37.86474,87.5,17.3452,10.9677,0.3142,120.07
2010-04-01,3,4,10.64171,37.86474,210.3,16.0367,10.3233,0.4391,109.74
2010-05-01,3,4,10.64171,37.86474,271.2,15.7258,10.3226,0.4199,105.79
2010-06-01,3,4,10.64171,37.86474,307.5,14.8733,9.28,0.4436,93.71
2010-07-01,3,4,10.64171,37.86474,644.7,11.329,7.4355,0.5041,69.51
2010-08-01,3,4,10.64171,37.86474,706.9,11.4258,7.4032,0.5061,72.44
2010-09-01,3,4,10.64171,37.86474,418.6,13.1033,7.9333,0.4953,92.5
2010-10-01,3,4,10.64171,37.86474,44.4,14.9548,8.9645,0.4001,111.84
2010-11-01,3,4,10.64171,37.86474,30.1,15.0367,8.7667,0.3348,98.78
2010-12-01,3,4,10.64171,37.86474,31.6,13.8677,7.9226,0.3458,92.63
2011-01-01,3,4,10.64171,37.86474,58.6,14.4484,7.9226,0.3532,96.16
2011-02-01,3,4,10.64171,37.86474,3.9,17.6321,9.9893,0.3115,120.5
2011-03-01,3,4,10.64171,37.86474,154.8,15.3839,9.3677,0.3807,112.79
2011-04-01,3,4,10.64171,37.86474,92.6,16.7833,10.4767,0.3735,124.06
2011-05-01,3,4,10.64171,37.86474,356.2,15.7097,10.0516,0.3885,109.3
2011-06-01,3,4,10.64171,37.86474,303.5,14.09,8.6233,0.4785,90.18
2011-07-01,3,4,10.64171,37.86474,644.0,11.8581,6.8968,0.5043,78.49
2011-08-01,3,4,10.64171,37.86474,639.9,11.6452,6.8903,0.5064,78.67
2011-09-01,3,4,10.64171,37.86474,510.2,12.1167,7.0333,0.5014,89.09
2011-10-01,3,4,10.64171,37.86474,4.8,14.8613,8.3903,0.3791,115.46
2011-11-01,3,4,10.64171,37.86474,104.7,14.02,7.7233,0.395,89.85
2011-12-01,3,4,10.64171,37.86474,1.6,15.6516,8.3484,0.3268,108.34
2012-01-01,3,4,10.64171,37.86474,7.6,16.3839,9.3806,0.2959,111.43
2012-02-01,3,4,10.64171,37.86474,0.0,19.3069,11.1724,0.2666,133.79
2012-03-01,3,4,10.64171,37.86474,153.3,17.9613,11.1871,0.302,129.37
2012-04-01,3,4,10.64171,37.86474,47.4,17.4667,11.2133,0.3646,130.36
2012-05-01,3,4,10.64171,37.86474,75.0,18.1097,11.5548,0.3064,131.7
2012-06-01,3,4,10.64171,37.86474,424.5,14.89,9.2433,0.3655,92.25
2012-07-01,3,4,10.64171,37.86474,791.1,11.7581,7.4968,0.5059,75.66
2012-08-01,3,4,10.64171,37.86474,775.0,11.8,7.6,0.5058,80.53
2012-09-01,3,4,10.64171,37.86474,567.7,12.7733,7.8033,0.4941,91.27
2012-10-01,3,4,10.64171,37.86474,156.9,15.3548,9.1226,0.4006,118.57
2012-11-01,3,4,10.64171,37.86474,61.1,14.1133,8.12,0.3909,94.76
2012-12-01,3,4,10.64171,37.86474,6.7,15.1806,8.3323,0.353,101.14
2013-01-01,3,4,10.64171,37.86474,16.9,16.0677,9.6065,0.3151,104.79
2013-02-01,3,4,10.64171,37.86474,10.5,18.3821,11.3786,0.2975,113.57
2013-03-01,3,4,10.64171,37.86474,121.5,17.4645,10.7129,0.3641,124.49
2013-04-01,3,4,10.64171,37.86474,55.7,19.25,12.3067,0.3168,136.76
2013-05-01,3,4,10.64171,37.86474,118.8,17.1645,10.9129,0.3437,118.22
2013-06-01,3,4,10.64171,37.86474,424.3,14.0833,8.7433,0.4357,86.94
2013-07-01,3,4,10.64171,37.86474,624.8,11.371,6.9806,0.5075,67.1
2013-08-01,3,4,10.64171,37.86474,498.6,10.9387,7.0548,0.5052,71.9
2013-09-01,3,4,10.64171,37.86474,369.1,13.2233,7.8833,0.4814,94.58
2013-10-01,3,4,10.64171,37.86474,253.6,14.2129,8.2355,0.4545,103.43
2013-11-01,3,4,10.64171,37.86474,50.7,15.0767,8.37,0.3817,98.55
2013-12-01,3,4,10.64171,37.86474,2.6,15.0806,7.7613,0.3597,100.07
2014-01-01,3,4,10.64171,37.86474,31.6,15.4968,8.8323,0.3273,98.83
2014-02-01,3,4,10.64171,37.86474,36.3,16.7536,9.6893,0.3062,106.83
2014-03-01,3,4,10.64171,37.86474,135.7,16.229,10.1871,0.3867,118.72
2014-04-01,3,4,10.64171,37.86474,147.2,16.49,10.6667,0.3797,117.93
2014-05-01,3,4,10.64171,37.86474,321.6,15.2226,9.8065,0.4765,106.18
2014-06-01,3,4,10.64171,37.86474,272.8,14.43,9.1333,0.4421,94.53
2014-07-01,3,4,10.64171,37.86474,737.1,12.2613,7.9742,0.5022,77.41
2014-08-01,3,4,10.64171,37.86474,734.0,11.9161,7.5226,0.5063,81.31
2014-09-01,3,4,10.64171,37.86474,393.5,12.7433,7.9,0.491,88.88
2014-10-01,3,4,10.64171,37.86474,320.9,14.5226,8.9581,0.4549,100.62
2014-11-01,3,4,10.64171,37.86474,61.7,14.1933,8.5333,0.365,97.56
2014-12-01,3,4,10.64171,37.86474,9.5,13.5355,7.7355,0.3551,95.75
2015-01-01,3,4,10.64171,37.86474,18.9,15.4613,8.6387,0.3265,106.68
2015-02-01,3,4,10.64171,37.86474,17.3,16.8786,10.1536,0.3236,109.59
2015-03-01,3,4,10.64171,37.86474,103.0,17.1323,10.6097,0.357,130.0
2015-04-01,3,4,10.64171,37.86474,23.8,17.1567,11.1633,0.3524,125.34
2015-05-01,3,4,10.64171,37.86474,345.3,15.8548,10.0032,0.4181,111.06
2015-06-01,3,4,10.64171,37.86474,375.0,14.6767,9.2367,0.454,91.3
2015-07-01,3,4,10.64171,37.86474,977.5,13.3645,8.3935,0.504,88.65
2015-08-01,3,4,10.64171,37.86474,941.6,12.7742,8.0419,0.5073,85.63
2015-09-01,3,4,10.64171,37.86474,337.9,13.5633,8.2267,0.4841,95.77
2015-10-01,3,4,10.64171,37.86474,49.6,15.9355,9.7548,0.4048,115.43
2015-11-01,3,4,10.64171,37.86474,45.9,15.09,9.1367,0.3732,96.56
2015-12-01,3,4,10.64171,37.86474,72.8,14.3484,8.5774,0.3781,89.79
2016-01-01,3,4,10.64171,37.86474,5.0,15.529,9.4484,0.3405,101.06
2016-02-01,3,4,10.64171,37.86474,20.9,17.9241,11.5483,0.3036,112.37
2016-03-01,3,4,10.64171,37.86474,81.8,18.7161,12.3065,0.3396,126.77
2016-04-01,3,4,10.64171,37.86474,196.0,17.4267,11.74,0.3682,116.18
2016-05-01,3,4,10.64171,37.86474,430.5,15.3613,9.8581,0.4673,99.25
2016-06-01,3,4,10.64171,37.86474,481.7,14.7967,9.06,0.4628,90.9
2016-07-01,3,4,10.64171,37.86474,722.3,11.7065,7.5806,0.505,68.64
2016-08-01,3,4,10.64171,37.86474,622.5,11.9839,7.571,0.5041,81.54
2016-09-01,3,4,10.64171,37.86474,424.8,13.4,8.0367,0.4933,93.42
2016-10-01,3,4,10.64171,37.86474,99.7,14.929,8.8677,0.4336,108.4
2016-11-01,3,4,10.64171,37.86474,19.4,15.5267,8.4167,0.3629,107.96
2016-12-01,3,4,10.64171,37.86474,0.4,15.9806,8.7161,0.3218,112.07
2017-01-01,3,4,10.64171,37.86474,0.0,17.1806,9.3581,0.3204,122.64
2017-02-01,3,4,10.64171,37.86474,252.1,14.9321,9.2143,0.3883,91.61
2017-03-01,3,4,10.64171,37.86474,62.5,15.7032,9.7742,0.4398,115.84
2017-04-01,3,4,10.64171,37.86474,258.0,16.8967,10.51,0.3781,118.8
2017-05-01,3,4,10.64171,37.86474,519.4,14.7871,9.471,0.4861,98.01
2017-06-01,3,4,10.64171,37.86474,334.9,15.0867,9.2633,0.4819,95.77
2017-07-01,3,4,10.64171,37.86474,939.7,12.4097,7.8355,0.5065,80.34
2017-08-01,3,4,10.64171,37.86474,843.1,11.8677,7.529,0.5064,76.42
2017-09-01,3,4,10.64171,37.86474,489.0,13.01,7.98,0.4963,91.4
2017-10-01,3,4,10.64171,37.86474,81.0,14.3484,8.8323,0.4479,102.9
2017-11-01,3,4,10.64171,37.86474,9.5,14.57,8.3767,0.368,100.04
2017-12-01,3,4,10.64171,37.86474,0.0,15.5581,8.6871,0.3119,110.84
2018-01-01,3,4,10.64171,37.86474,11.0,14.5258,8.3871,0.3055,97.93
2018-02-01,3,4,10.64171,37.86474,58.2,16.3179,9.7107,0.3234,102.11
2018-03-01,3,4,10.64171,37.86474,16.4,17.5355,10.8581,0.3132,128.18
2018-04-01,3,4,10.64171,37.86474,88.4,17.5767,10.88,0.333,124.0
2018-05-01,3,4,10.64171,37.86474,202.8,17.4742,10.9129,0.3049,125.06
2018-06-01,3,4,10.64171,37.86474,846.1,12.8133,7.82,0.4921,79.46
2018-07-01,3,4,10.64171,37.86474,640.7,11.5419,7.1129,0.5054,73.75
2018-08-01,3,4,10.64171,37.86474,747.0,11.5548,7.1452,0.5065,78.8
2018-09-01,3,4,10.64171,37.86474,335.2,13.6867,8.1633,0.4864,97.96
2018-10-01,3,4,10.64171,37.86474,154.1,14.1419,8.3452,0.4471,105.68
2018-11-01,3,4,10.64171,37.86474,138.2,13.93,7.9633,0.4524,92.24
2018-12-01,3,4,10.64171,37.86474,12.4,15.2258,8.8452,0.3747,96.49
2019-01-01,3,4,10.64171,37.86474,4.4,16.9645,9.1774,0.3348,114.45
2019-02-01,3,4,10.64171,37.86474,74.2,16.4643,10.0964,0.3596,97.67
2019-03-01,3,4,10.64171,37.86474,173.6,15.7935,9.7935,0.4595,105.7
2019-04-01,3,4,10.64171,37.86474,243.3,15.8167,10.3967,0.4509,110.28
2019-05-01,3,4,10.64171,37.86474,207.1,15.4097,10.1645,0.4318,112.44
2019-06-01,3,4,10.64171,37.86474,472.3,13.2533,8.35,0.4971,81.44
2019-07-01,3,4,10.64171,37.86474,797.7,11.8129,7.4871,0.5074,77.31
2019-08-01,3,4,10.64171,37.86474,551.6,11.471,7.4935,0.5019,73.47
2019-09-01,3,4,10.64171,37.86474,733.4,12.74,8.0,0.5004,86.77
2019-10-01,3,4,10.64171,37.86474,210.5,14.7935,9.0452,0.4348,106.47
2019-11-01,3,4,10.64171,37.86474,59.5,14.56,8.97,0.3527,89.48
2019-12-01,3,4,10.64171,37.86474,20.0,15.4065,8.8097,0.367,97.77
2010-01-01,3,5,10.64171,38.05517,70.1,19.6677,13.8677,0.4165,109.37
2010-02-01,3,5,10.64171,38.05517,87.9,20.6821,14.8214,0.4029,107.24
2010-03-01,3,5,10.64171,38.05517,141.7,22.0452,15.8065,0.3986,129.56
2010-04-01,3,5,10.64171,38.05517,198.0,21.5767,15.98,0.4533,122.76
2010-05-01,3,5,10.64171,38.05517,315.1,21.5516,16.2226,0.4467,121.11
2010-06-01,3,5,10.64171,38.05517,289.6,20.79,15.4333,0.4421,108.32
2010-07-01,3,5,10.64171,38.05517,724.0,17.6355,13.6387,0.489,81.12
2010-08-01,3,5,10.64171,38.05517,829.9,17.7194,13.6226,0.5034,85.41
2010-09-01,3,5,10.64171,38.05517,395.7,18.72,13.8933,0.4883,103.27
2010-10-01,3,5,10.64171,38.05517,25.4,19.9742,14.8194,0.3994,126.31
2010-11-01,3,5,10.64171,38.05517,37.1,20.04,14.5133,0.3507,111.25
2010-12-01,3,5,10.64171,38.05517,103.9,18.4484,13.1387,0.4256,101.53
2011-01-01,3,5,10.64171,38.05517,68.6,19.1032,13.3419,0.4343,104.36
2011-02-01,3,5,10.64171,38.05517,5.8,22.3464,15.5464,0.3568,135.39
2011-03-01,3,5,10.64171,38.05517,228.3,20.2129,14.6645,0.4121,124.2
2011-04-01,3,5,10.64171,38.05517,115.2,21.9067,16.0167,0.4086,137.4
2011-05-01,3,5,10.64171,38.05517,413.7,21.2065,15.6903,0.4343,122.48
2011-06-01,3,5,10.64171,38.05517,302.0,20.1233,14.7967,0.4633,104.32
2011-07-01,3,5,10.64171,38.05517,721.7,17.971,13.129,0.4861,91.28
2011-08-01,3,5,10.64171,38.05517,692.5,17.7065,13.029,0.5003,89.75
2011-09-01,3,5,10.64171,38.05517,477.4,17.66,12.91,0.4881,99.11
2011-10-01,3,5,10.64171,38.05517,18.3,19.5032,13.8839,0.4,130.45
2011-11-01,3,5,10.64171,38.05517,97.4,19.3833,13.6533,0.4091,101.21
2011-12-01,3,5,10.64171,38.05517,6.4,20.6226,14.0677,0.3402,124.01
2012-01-01,3,5,10.64171,38.05517,22.0,21.3097,15.1452,0.3159,125.07
2012-02-01,3,5,10.64171,38.05517,0.9,23.8,16.4759,0.294,154.49
2012-03-01,3,5,10.64171,38.05517,223.7,22.6516,16.5548,0.3414,144.57
2012-04-01,3,5,10.64171,38.05517,104.6,22.0567,16.2433,0.4133,141.81
2012-05-01,3,5,10.64171,38.05517,112.1,22.3516,16.7935,0.3872,145.73
2012-06-01,3,5,10.64171,38.05517,461.2,20.4333,15.1467,0.3878,106.33
2012-07-01,3,5,10.64171,38.05517,926.8,18.2355,13.7323,0.486,89.99
2012-08-01,3,5,10.64171,38.05517,879.6,18.071,13.7032,0.4958,93.82
2012-09-01,3,5,10.64171,38.05517,652.9,18.5167,13.7267,0.485,101.03
2012-10-01,3,5,10.64171,38.05517,44.2,20.3774,14.9226,0.3973,135.48
2012-11-01,3,5,10.64171,38.05517,52.5,19.6133,14.26,0.384,108.56
2012-12-01,3,5,10.64171,38.05517,14.4,20.3226,14.1548,0.3692,115.04
2013-01-01,3,5,10.64171,38.05517,31.3,20.8387,15.1387,0.3688,118.28
2013-02-01,3,5,10.64171,38.05517,23.5,22.95,16.6929,0.3646,127.86
2013-03-01,3,5,10.64171,38.05517,145.6,22.7097,16.2129,0.3953,138.31
2013-04-01,3,5,10.64171,38.05517,74.6,24.0633,17.5833,0.3527,150.87
2013-05-01,3,5,10.64171,38.05517,132.4,22.5581,16.6,0.4012,135.78
2013-06-01,3,5,10.64171,38.05517,517.7,20.0467,14.7867,0.4414,99.79
2013-07-01,3,5,10.64171,38.05517,733.5,17.8097,13.2419,0.4876,80.25
2013-08-01,3,5,10.64171,38.05517,630.4,17.0806,13.1129,0.5041,83.66
2013-09-01,3,5,10.64171,38.05517,406.6,18.75,13.7967,0.4725,105.49
2013-10-01,3,5,10.64171,38.05517,179.7,19.3258,14.1097,0.442,115.4
2013-11-01,3,5,10.64171,38.05517,59.2,20.35,14.32,0.3837,112.73
2013-12-01,3,5,10.64171,38.05517,8.2,20.2419,13.7742,0.3618,112.35
2014-01-01,3,5,10.64171,38.05517,65.6,20.5581,14.5968,0.3736,109.82
2014-02-01,3,5,10.64171,38.05517,72.6,21.8286,15.325,0.3705,118.65
2014-03-01,3,5,10.64171,38.05517,135.9,21.5742,15.9613,0.4245,132.66
2014-04-01,3,5,10.64171,38.05517,134.4,22.1033,16.5767,0.4101,134.2
2014-05-01,3,5,10.64171,38.05517,258.1,21.2097,15.9613,0.4579,121.41
2014-06-01,3,5,10.64171,38.05517,292.4,20.69,15.5233,0.437,109.71
2014-07-01,3,5,10.64171,38.05517,845.8,18.6484,14.2968,0.4791,90.95
2014-08-01,3,5,10.64171,38.05517,820.1,18.2065,13.6935,0.4967,93.88
2014-09-01,3,5,10.64171,38.05517,405.5,18.6133,13.9633,0.4771,99.97
2014-10-01,3,5,10.64171,38.05517,223.8,20.329,15.1161,0.436,114.07
2014-11-01,3,5,10.64171,38.05517,88.8,19.5767,14.3967,0.3836,110.66
2014-12-01,3,5,10.64171,38.05517,19.1,18.6097,13.4774,0.3936,107.64
2015-01-01,3,5,10.64171,38.05517,37.8,20.1839,14.1871,0.3851,118.85
2015-02-01,3,5,10.64171,38.05517,39.1,21.8357,15.9143,0.3635,122.58
2015-03-01,3,5,10.64171,38.05517,116.0,22.0903,16.1387,0.3859,147.56
2015-04-01,3,5,10.64171,38.05517,39.4,22.6267,17.07,0.3623,144.49
2015-05-01,3,5,10.64171,38.05517,372.6,21.3968,16.0419,0.4204,127.38
2015-06-01,3,5,10.64171,38.05517,421.0,20.7233,15.56,0.4433,105.44
2015-07-01,3,5,10.64171,38.05517,998.2,19.7032,14.7226,0.4755,102.36
2015-08-01,3,5,10.64171,38.05517,872.5,19.029,14.2323,0.4877,97.9
2015-09-01,3,5,10.64171,38.05517,322.3,19.22,14.1933,0.4765,107.04
2015-10-01,3,5,10.64171,38.05517,32.9,21.5258,16.0548,0.3803,133.12
2015-11-01,3,5,10.64171,38.05517,50.2,20.6267,15.1333,0.381,111.39
2015-12-01,3,5,10.64171,38.05517,119.2,19.871,14.4935,0.3998,100.67
2016-01-01,3,5,10.64171,38.05517,42.5,20.6323,15.1258,0.3848,112.38
2016-02-01,3,5,10.64171,38.05517,47.1,22.1414,16.4517,0.3674,122.08
2016-03-01,3,5,10.64171,38.05517,115.5,23.4258,17.5387,0.3979,139.02
2016-04-01,3,5,10.64171,38.05517,262.6,22.6467,16.8733,0.439,127.68
2016-05-01,3,5,10.64171,38.05517,369.5,21.2194,15.9065,0.4563,112.82
2016-06-01,3,5,10.64171,38.05517,498.7,21.0333,15.3267,0.4483,106.72
2016-07-01,3,5,10.64171,38.05517,812.8,17.9677,13.8065,0.4935,80.54
2016-08-01,3,5,10.64171,38.05517,711.4,17.9548,13.671,0.4994,93.33
2016-09-01,3,5,10.64171,38.05517,403.5,19.04,14.02,0.485,103.78
2016-10-01,3,5,10.64171,38.05517,54.5,20.2194,14.9677,0.4284,122.0
2016-11-01,3,5,10.64171,38.05517,10.3,20.6633,14.4833,0.3747,121.85
2016-12-01,3,5,10.64171,38.05517,1.4,20.8,14.3839,0.3333,127.32
2017-01-01,3,5,10.64171,38.05517,0.2,22.1226,15.1065,0.3246,139.61
2017-02-01,3,5,10.64171,38.05517,231.5,20.2679,14.775,0.4031,100.35
2017-03-01,3,5,10.64171,38.05517,74.9,21.3065,15.5323,0.4385,128.76
2017-04-01,3,5,10.64171,38.05517,241.5,22.6033,16.5967,0.377,137.07
2017-05-01,3,5,10.64171,38.05517,538.1,20.6742,15.5548,0.4727,111.54
2017-06-01,3,5,10.64171,38.05517,219.6,21.2167,15.6067,0.4548,111.5
2017-07-01,3,5,10.64171,38.05517,1045.8,18.9355,14.1387,0.4888,95.26
2017-08-01,3,5,10.64171,38.05517,997.6,18.1,13.7258,0.4969,89.82
2017-09-01,3,5,10.64171,38.05517,505.3,18.8,14.0333,0.4888,103.84
2017-10-01,3,5,10.64171,38.05517,77.1,19.7677,14.8516,0.4445,115.98
2017-11-01,3,5,10.64171,38.05517,19.8,19.8633,14.3967,0.3794,114.53
2017-12-01,3,5,10.64171,38.05517,0.3,20.9194,14.7129,0.3155,128.37
2018-01-01,3,5,10.64171,38.05517,27.0,19.8871,14.2742,0.3115,110.3
2018-02-01,3,5,10.64171,38.05517,89.4,21.3929,15.3214,0.3659,114.49
2018-03-01,3,5,10.64171,38.05517,28.2,22.4935,16.2097,0.3623,143.32
2018-04-01,3,5,10.64171,38.05517,111.5,22.6367,16.57,0.3784,135.28
2018-05-01,3,5,10.64171,38.05517,258.1,22.4419,16.529,0.3605,141.14
2018-06-01,3,5,10.64171,38.05517,994.2,19.23,14.16,0.4746,92.96
2018-07-01,3,5,10.64171,38.05517,780.5,17.8968,13.3806,0.4879,87.38
2018-08-01,3,5,10.64171,38.05517,852.4,17.7161,13.2903,0.5005,90.8
2018-09-01,3,5,10.64171,38.05517,235.0,19.1367,14.1167,0.4778,109.38
2018-10-01,3,5,10.64171,38.05517,141.9,19.7129,14.5484,0.4263,119.96
2018-11-01,3,5,10.64171,38.05517,159.3,19.4433,13.9967,0.4435,104.72
2018-12-01,3,5,10.64171,38.05517,17.0,20.6226,14.7742,0.3903,109.09
2019-01-01,3,5,10.64171,38.05517,16.4,22.0129,15.3968,0.3546,129.5
2019-02-01,3,5,10.64171,38.05517,182.1,21.7464,15.8536,0.4126,108.72
2019-03-01,3,5,10.64171,38.05517,256.9,21.1742,15.5194,0.4692,116.47
2019-04-01,3,5,10.64171,38.05517,312.9,21.3733,16.04,0.4534,122.03
2019-05-01,3,5,10.64171,38.05517,232.8,21.3645,16.2871,0.4151,130.12
2019-06-01,3,5,10.64171,38.05517,550.7,19.44,14.5867,0.4771,95.63
2019-07-01,3,5,10.64171,38.05517,850.4,18.2419,13.8387,0.484,90.26
2019-08-01,3,5,10.64171,38.05517,697.8,17.5774,13.5226,0.4998,84.02
2019-09-01,3,5,10.64171,38.05517,775.7,18.45,13.9133,0.4979,96.84
2019-10-01,3,5,10.64171,38.05517,84.0,19.9419,14.7645,0.4301,120.53
2019-11-01,3,5,10.64171,38.05517,75.9,19.8733,14.7967,0.378,101.21
2019-12-01,3,5,10.64171,38.05517,12.3,20.8968,14.7806,0.3733,112.2
2010-01-01,3,6,10.64171,38.2456,8.4,22.9677,16.5968,0.3395,120.75
2010-02-01,3,6,10.64171,38.2456,79.3,24.2893,17.5,0.319,115.2
2010-03-01,3,6,10.64171,38.2456,22.0,26.0355,19.1355,0.2948,143.09
2010-04-01,3,6,10.64171,38.2456,34.5,26.2167,19.8467,0.2784,139.35
2010-05-01,3,6,10.64171,38.2456,41.5,26.3,20.2581,0.2771,138.45
2010-06-01,3,6,10.64171,38.2456,15.2,25.71,19.78,0.2618,127.93
2010-07-01,3,6,10.64171,38.2456,277.8,21.0839,16.629,0.3667,90.63
2010-08-01,3,6,10.64171,38.2456,277.7,19.4258,15.6323,0.4793,88.62
2010-09-01,3,6,10.64171,38.2456,75.4,20.8867,16.1033,0.4116,107.44
2010-10-01,3,6,10.64171,38.2456,1.9,22.6968,18.0968,0.3205,132.13
2010-11-01,3,6,10.64171,38.2456,8.1,22.94,17.4033,0.3084,119.84
2010-12-01,3,6,10.64171,38.2456,79.4,21.2742,15.4548,0.3685,109.74
2011-01-01,3,6,10.64171,38.2456,28.8,22.3839,16.071,0.3569,114.85
2011-02-01,3,6,10.64171,38.2456,3.2,25.6214,18.7821,0.2914,143.17
2011-03-01,3,6,10.64171,38.2456,150.4,23.3226,17.4194,0.3649,132.98
2011-04-01,3,6,10.64171,38.2456,17.1,26.13,19.8667,0.305,151.29
2011-05-01,3,6,10.64171,38.2456,47.4,25.8484,19.8548,0.2635,137.89
2011-06-01,3,6,10.64171,38.2456,39.8,25.15,19.0533,0.2603,123.86
2011-07-01,3,6,10.64171,38.2456,207.6,21.2,16.0903,0.3444,101.47
2011-08-01,3,6,10.64171,38.2456,216.4,19.4323,15.1742,0.4505,93.36
2011-09-01,3,6,10.64171,38.2456,94.7,19.77,15.1733,0.3983,104.54
2011-10-01,3,6,10.64171,38.2456,0.0,21.8839,16.8935,0.3291,136.14
2011-11-01,3,6,10.64171,38.2456,15.4,22.8733,17.03,0.2965,113.68
2011-12-01,3,6,10.64171,38.2456,0.4,23.5097,17.0839,0.2803,132.27
2012-01-01,3,6,10.64171,38.2456,3.7,24.4387,18.0839,0.2762,136.41
2012-02-01,3,6,10.64171,38.2456,0.0,26.4172,19.4897,0.2591,156.82
2012-03-01,3,6,10.64171,38.2456,81.2,25.8097,19.4968,0.2818,155.24
2012-04-01,3,6,10.64171,38.2456,35.5,25.89,19.2833,0.3447,151.64
2012-05-01,3,6,10.64171,38.2456,21.2,26.8968,21.1032,0.2675,161.99
2012-06-01,3,6,10.64171,38.2456,80.5,24.9367,19.0567,0.2532,123.85
2012-07-01,3,6,10.64171,38.2456,195.4,21.1258,16.4194,0.352,97.33
2012-08-01,3,6,10.64171,38.2456,178.0,20.329,15.9742,0.4287,100.07
2012-09-01,3,6,10.64171,38.2456,114.2,20.86,16.0233,0.3914,108.24
2012-10-01,3,6,10.64171,38.2456,7.2,23.1581,18.129,0.3248,142.93
2012-11-01,3,6,10.64171,38.2456,1.0,23.18,17.6767,0.3034,121.74
2012-12-01,3,6,10.64171,38.2456,1.8,23.6323,17.4677,0.2879,126.77
2013-01-01,3,6,10.64171,38.2456,3.1,24.9903,18.8806,0.2748,133.1
2013-02-01,3,6,10.64171,38.2456,0.2,27.1786,20.5286,0.2575,139.84
2013-03-01,3,6,10.64171,38.2456,35.5,27.2419,19.8806,0.2664,150.71
2013-04-01,3,6,10.64171,38.2456,9.1,28.7933,21.93,0.2525,163.83
2013-05-01,3,6,10.64171,38.2456,16.3,27.4516,21.0839,0.2539,155.3
2013-06-01,3,6,10.64171,38.2456,50.6,24.9133,18.9067,0.2526,117.13
2013-07-01,3,6,10.64171,38.2456,252.7,20.8839,15.9032,0.3657,88.56
2013-08-01,3,6,10.64171,38.2456,344.1,18.9129,15.0806,0.4833,86.8
2013-09-01,3,6,10.64171,38.2456,45.3,21.0733,16.14,0.4015,110.78
2013-10-01,3,6,10.64171,38.2456,35.9,21.8903,16.8355,0.3306,122.37
2013-11-01,3,6,10.64171,38.2456,5.4,23.52,17.5167,0.2882,121.16
2013-12-01,3,6,10.64171,38.2456,0.4,23.3968,16.4871,0.2973,123.67
2014-01-01,3,6,10.64171,38.2456,15.3,24.4065,17.829,0.2802,122.66
2014-02-01,3,6,10.64171,38.2456,53.5,25.8036,18.7607,0.2896,130.2
2014-03-01,3,6,10.64171,38.2456,30.8,26.0806,19.9484,0.3136,147.55
2014-04-01,3,6,10.64171,38.2456,14.6,26.9833,20.94,0.2683,151.63
2014-05-01,3,6,10.64171,38.2456,31.7,25.7548,20.0968,0.2621,137.13
2014-06-01,3,6,10.64171,38.2456,6.1,25.73,20.0733,0.2687,129.75
2014-07-01,3,6,10.64171,38.2456,156.0,22.7581,17.7323,0.3055,104.75
2014-08-01,3,6,10.64171,38.2456,174.4,20.4903,16.0194,0.4225,99.4
2014-09-01,3,6,10.64171,38.2456,59.3,21.8567,16.8267,0.3701,109.0
2014-10-01,3,6,10.64171,38.2456,27.9,24.1,18.8161,0.2909,127.67
2014-11-01,3,6,10.64171,38.2456,11.4,23.8567,18.5567,0.2683,123.9
2014-12-01,3,6,10.64171,38.2456,8.6,22.7806,16.9323,0.2811,120.2
2015-01-01,3,6,10.64171,38.2456,6.3,23.8581,17.1968,0.2891,130.02
2015-02-01,3,6,10.64171,38.2456,12.2,25.7,19.0464,0.2792,132.41
2015-03-01,3,6,10.64171,38.2456,53.3,25.6065,19.6548,0.2914,156.54
2015-04-01,3,6,10.64171,38.2456,0.6,26.8833,21.17,0.2789,159.25
2015-05-01,3,6,10.64171,38.2456,101.1,25.329,19.7387,0.3152,141.31
2015-06-01,3,6,10.64171,38.2456,70.8,25.08,19.56,0.2789,122.05
2015-07-01,3,6,10.64171,38.2456,64.8,23.5645,18.0645,0.2967,117.16
2015-08-01,3,6,10.64171,38.2456,202.8,21.8774,16.8581,0.3493,105.62
2015-09-01,3,6,10.64171,38.2456,73.6,22.0033,16.9267,0.3826,113.76
2015-10-01,3,6,10.64171,38.2456,0.9,24.9935,19.8742,0.2911,144.31
2015-11-01,3,6,10.64171,38.2456,1.2,24.5167,18.9033,0.2789,123.05
2015-12-01,3,6,10.64171,38.2456,27.4,23.7,18.0065,0.2729,114.13
2016-01-01,3,6,10.64171,38.2456,7.5,25.1419,18.9548,0.253,127.01
2016-02-01,3,6,10.64171,38.2456,22.0,26.5,20.3172,0.2495,134.64
2016-03-01,3,6,10.64171,38.2456,9.6,28.2097,21.8258,0.255,154.97
2016-04-01,3,6,10.64171,38.2456,164.1,26.53,19.77,0.3461,138.08
2016-05-01,3,6,10.64171,38.2456,64.1,25.4645,19.6613,0.2931,128.28
2016-06-01,3,6,10.64171,38.2456,42.6,25.7133,19.4833,0.2767,125.36
2016-07-01,3,6,10.64171,38.2456,266.0,20.5097,16.2677,0.4105,87.72
2016-08-01,3,6,10.64171,38.2456,288.2,19.8387,15.6484,0.4672,97.27
2016-09-01,3,6,10.64171,38.2456,72.9,21.5833,16.42,0.3981,109.99
2016-10-01,3,6,10.64171,38.2456,6.6,23.8839,18.7161,0.314,133.12
2016-11-01,3,6,10.64171,38.2456,0.6,24.0133,17.7367,0.3023,131.3
2016-12-01,3,6,10.64171,38.2456,0.3,23.4903,17.1871,0.2948,132.06
2017-01-01,3,6,10.64171,38.2456,0.0,24.2387,16.9677,0.3216,142.43
2017-02-01,3,6,10.64171,38.2456,112.5,23.6429,17.6,0.3548,110.37
2017-03-01,3,6,10.64171,38.2456,29.8,25.4935,19.1355,0.3379,143.41
2017-04-01,3,6,10.64171,38.2456,48.0,26.96,20.91,0.2804,152.31
2017-05-01,3,6,10.64171,38.2456,98.7,24.3677,18.9097,0.3412,123.7
2017-06-01,3,6,10.64171,38.2456,6.9,26.1033,19.9033,0.2944,130.32
2017-07-01,3,6,10.64171,38.2456,158.8,22.2613,17.071,0.3464,105.76
2017-08-01,3,6,10.64171,38.2456,237.7,20.1742,15.9323,0.4362,94.51
2017-09-01,3,6,10.64171,38.2456,92.8,20.86,16.0567,0.4299,107.96
2017-10-01,3,6,10.64171,38.2456,1.0,23.3258,18.5032,0.3171,125.81
2017-11-01,3,6,10.64171,38.2456,2.1,23.6133,18.0133,0.2765,125.57
2017-12-01,3,6,10.64171,38.2456,0.0,23.7161,17.3226,0.2704,137.17
2018-01-01,3,6,10.64171,38.2456,4.6,23.7677,17.5355,0.2696,124.76
2018-02-01,3,6,10.64171,38.2456,17.0,25.4071,18.7929,0.2703,125.64
2018-03-01,3,6,10.64171,38.2456,2.1,27.0387,20.1645,0.2618,157.44
2018-04-01,3,6,10.64171,38.2456,25.4,27.1067,20.2267,0.2529,146.55
2018-05-01,3,6,10.64171,38.2456,28.2,26.7484,20.6129,0.2517,155.14
2018-06-01,3,6,10.64171,38.2456,84.3,23.36,17.6667,0.2733,107.42
2018-07-01,3,6,10.64171,38.2456,208.7,20.8677,16.1645,0.3706,95.53
2018-08-01,3,6,10.64171,38.2456,252.1,19.7194,15.429,0.4594,95.76
2018-09-01,3,6,10.64171,38.2456,32.0,21.7233,16.73,0.3936,114.81
2018-10-01,3,6,10.64171,38.2456,8.8,23.3387,18.4258,0.2995,131.84
2018-11-01,3,6,10.64171,38.2456,38.8,23.0733,17.4467,0.2979,116.33
2018-12-01,3,6,10.64171,38.2456,0.0,24.4032,18.329,0.2929,121.83
2019-01-01,3,6,10.64171,38.2456,0.0,25.4581,18.7129,0.2825,139.54
2019-02-01,3,6,10.64171,38.2456,55.1,25.9179,19.5107,0.2735,121.83
2019-03-01,3,6,10.64171,38.2456,79.2,25.3677,19.2581,0.322,132.62
2019-04-01,3,6,10.64171,38.2456,102.8,25.4533,19.4367,0.3184,133.67
2019-05-01,3,6,10.64171,38.2456,50.0,25.671,20.2806,0.2992,144.77
2019-06-01,3,6,10.64171,38.2456,56.1,23.32,18.08,0.3194,108.17
2019-07-01,3,6,10.64171,38.2456,121.0,21.7742,16.9871,0.3094,100.12
2019-08-01,3,6,10.64171,38.2456,362.6,19.2258,15.4194,0.4645,86.99
2019-09-01,3,6,10.64171,38.2456,125.3,20.2067,15.87,0.4576,99.45
2019-10-01,3,6,10.64171,38.2456,16.2,22.3065,17.5516,0.3645,127.05
2019-11-01,3,6,10.64171,38.2456,5.4,23.16,18.07,0.3041,111.36
2019-12-01,3,6,10.64171,38.2456,1.0,24.3677,18.0226,0.2833,124.85
2010-01-01,3,7,10.64171,38.43603,0.7,30.2,23.6484,0.1417,135.43
2010-02-01,3,7,10.64171,38.43603,10.2,31.4429,24.7929,0.1248,133.01
2010-03-01,3,7,10.64171,38.43603,7.4,33.0613,26.2903,0.1025,161.13
2010-04-01,3,7,10.64171,38.43603,13.6,33.0467,26.4233,0.0967,154.03
2010-05-01,3,7,10.64171,38.43603,19.5,32.6871,26.5484,0.0922,145.33
2010-06-01,3,7,10.64171,38.43603,9.9,31.2933,25.27,0.0928,131.51
2010-07-01,3,7,10.64171,38.43603,217.3,26.5,22.1065,0.2523,100.17
2010-08-01,3,7,10.64171,38.43603,209.8,24.629,20.9806,0.3937,98.26
2010-09-01,3,7,10.64171,38.43603,61.8,26.3467,21.89,0.318,115.44
2010-10-01,3,7,10.64171,38.43603,2.1,28.7903,24.0355,0.2253,135.92
2010-11-01,3,7,10.64171,38.43603,1.0,29.3433,23.5267,0.1802,127.12
2010-12-01,3,7,10.64171,38.43603,10.6,28.5419,22.4516,0.1705,124.94
2011-01-01,3,7,10.64171,38.43603,3.1,29.929,23.4194,0.1405,132.32
2011-02-01,3,7,10.64171,38.43603,0.5,32.6179,25.3321,0.1182,147.65
2011-03-01,3,7,10.64171,38.43603,48.7,30.8613,24.3645,0.1291,151.55
2011-04-01,3,7,10.64171,38.43603,6.6,33.4167,26.6333,0.1231,161.49
2011-05-01,3,7,10.64171,38.43603,23.2,32.0645,26.0065,0.1047,144.01
2011-06-01,3,7,10.64171,38.43603,28.0,31.0433,24.7667,0.1037,129.92
2011-07-01,3,7,10.64171,38.43603,161.2,26.9323,21.8419,0.2092,112.96
2011-08-01,3,7,10.64171,38.43603,196.4,24.4387,20.529,0.3736,101.86
2011-09-01,3,7,10.64171,38.43603,92.1,25.4867,21.01,0.3208,116.72
2011-10-01,3,7,10.64171,38.43603,2.6,28.3935,23.1097,0.225,143.63
2011-11-01,3,7,10.64171,38.43603,5.8,28.9467,23.39,0.176,124.31
2011-12-01,3,7,10.64171,38.43603,0.0,29.7129,23.3097,0.1529,134.58
2012-01-01,3,7,10.64171,38.43603,0.4,30.7645,24.3581,0.1448,138.38
2012-02-01,3,7,10.64171,38.43603,0.0,32.7552,25.5103,0.1261,154.31
2012-03-01,3,7,10.64171,38.43603,31.4,32.6742,25.7871,0.1107,164.63
2012-04-01,3,7,10.64171,38.43603,6.5,33.0,26.2633,0.1167,165.86
2012-05-01,3,7,10.64171,38.43603,10.2,33.0839,27.0839,0.1005,163.16
2012-06-01,3,7,10.64171,38.43603,64.7,30.8267,24.8133,0.0903,131.27
2012-07-01,3,7,10.64171,38.43603,160.1,26.8677,22.0645,0.1997,106.97
2012-08-01,3,7,10.64171,38.43603,139.8,25.9613,21.6097,0.3266,112.11
2012-09-01,3,7,10.64171,38.43603,95.3,26.76,21.9967,0.291,118.84
2012-10-01,3,7,10.64171,38.43603,14.4,29.4548,24.229,0.2333,147.29
2012-11-01,3,7,10.64171,38.43603,0.3,29.4467,23.9633,0.1829,129.3
2012-12-01,3,7,10.64171,38.43603,0.1,29.7774,23.671,0.1639,130.31
2013-01-01,3,7,10.64171,38.43603,0.3,31.3935,24.9935,0.1351,141.29
2013-02-01,3,7,10.64171,38.43603,0.0,33.4821,26.5821,0.1142,140.74
2013-03-01,3,7,10.64171,38.43603,10.3,34.0452,26.7645,0.1031,165.7
2013-04-01,3,7,10.64171,38.43603,4.6,35.31,28.35,0.0699,172.07
2013-05-01,3,7,10.64171,38.43603,6.2,33.729,27.2323,0.048,158.57
2013-06-01,3,7,10.64171,38.43603,39.2,31.0933,24.7567,0.0519,127.71
2013-07-01,3,7,10.64171,38.43603,257.2,26.3452,21.3226,0.2661,98.25
2013-08-01,3,7,10.64171,38.43603,201.5,24.2226,20.5,0.3831,98.04
2013-09-01,3,7,10.64171,38.43603,32.7,26.8833,22.2133,0.2976,117.61
2013-10-01,3,7,10.64171,38.43603,65.0,27.9935,22.8581,0.2593,129.97
2013-11-01,3,7,10.64171,38.43603,8.2,29.69,23.6167,0.1858,126.61
2013-12-01,3,7,10.64171,38.43603,0.0,29.7258,22.8903,0.1668,132.28
2014-01-01,3,7,10.64171,38.43603,2.5,30.9,24.2742,0.1373,132.02
2014-02-01,3,7,10.64171,38.43603,17.2,32.4179,25.3607,0.1142,141.0
2014-03-01,3,7,10.64171,38.43603,6.3,33.1419,26.6323,0.0967,160.12
2014-04-01,3,7,10.64171,38.43603,23.1,33.36,26.88,0.0829,155.36
2014-05-01,3,7,10.64171,38.43603,44.5,31.6,25.6645,0.104,140.5
2014-06-01,3,7,10.64171,38.43603,2.7,31.5267,25.8233,0.1171,135.8
2014-07-01,3,7,10.64171,38.43603,94.9,28.9129,23.5806,0.1368,115.38
2014-08-01,3,7,10.64171,38.43603,126.3,26.1871,21.7548,0.2801,110.13
2014-09-01,3,7,10.64171,38.43603,41.2,27.9067,23.01,0.2238,118.32
2014-10-01,3,7,10.64171,38.43603,55.8,30.1742,24.7323,0.2012,133.74
2014-11-01,3,7,10.64171,38.43603,1.5,30.35,24.7033,0.1527,131.67
2014-12-01,3,7,10.64171,38.43603,1.0,29.4452,23.3742,0.1407,129.96
2015-01-01,3,7,10.64171,38.43603,0.4,30.8,24.0,0.1234,140.0
2015-02-01,3,7,10.64171,38.43603,1.1,32.7786,25.7929,0.1109,139.94
2015-03-01,3,7,10.64171,38.43603,15.6,32.9903,26.2097,0.1031,165.64
2015-04-01,3,7,10.64171,38.43603,0.7,33.5933,27.3267,0.095,164.79
2015-05-01,3,7,10.64171,38.43603,36.0,32.0903,26.1161,0.1004,147.37
2015-06-01,3,7,10.64171,38.43603,29.4,31.07,25.3633,0.0982,126.8
2015-07-01,3,7,10.64171,38.43603,50.0,29.7806,24.1032,0.1305,127.29
2015-08-01,3,7,10.64171,38.43603,168.1,27.2387,22.3032,0.2527,115.78
2015-09-01,3,7,10.64171,38.43603,82.0,27.7633,22.76,0.2822,119.75
2015-10-01,3,7,10.64171,38.43603,4.3,30.771,25.6065,0.192,143.16
2015-11-01,3,7,10.64171,38.43603,0.5,30.3567,24.78,0.1658,126.28
2015-12-01,3,7,10.64171,38.43603,3.0,30.0903,24.3645,0.1495,123.95
2016-01-01,3,7,10.64171,38.43603,0.7,31.4839,25.3387,0.1205,140.82
2016-02-01,3,7,10.64171,38.43603,3.8,33.1897,26.7276,0.1021,144.78
2016-03-01,3,7,10.64171,38.43603,4.2,34.971,28.1645,0.0916,162.58
2016-04-01,3,7,10.64171,38.43603,43.7,33.72,26.8867,0.0917,158.31
2016-05-01,3,7,10.64171,38.43603,54.4,31.929,25.7774,0.103,136.14
2016-06-01,3,7,10.64171,38.43603,17.4,31.7667,25.4733,0.108,132.15
2016-07-01,3,7,10.64171,38.43603,189.3,26.3484,21.9484,0.2559,99.07
2016-08-01,3,7,10.64171,38.43603,159.1,25.3129,21.1355,0.3598,108.45
2016-09-01,3,7,10.64171,38.43603,61.7,27.3567,22.46,0.2859,119.52
2016-10-01,3,7,10.64171,38.43603,6.2,30.0839,24.7097,0.2054,139.75
2016-11-01,3,7,10.64171,38.43603,0.0,30.41,23.8167,0.1769,136.8
2016-12-01,3,7,10.64171,38.43603,0.2,30.0581,23.2065,0.1575,135.3
2017-01-01,3,7,10.64171,38.43603,0.0,31.0355,23.6,0.1485,145.87
2017-02-01,3,7,10.64171,38.43603,26.8,31.1893,24.825,0.1315,128.92
2017-03-01,3,7,10.64171,38.43603,10.3,33.0935,26.3323,0.1196,162.88
2017-04-01,3,7,10.64171,38.43603,21.5,33.92,27.2633,0.1048,157.72
2017-05-01,3,7,10.64171,38.43603,63.6,31.271,25.5194,0.1305,135.83
2017-06-01,3,7,10.64171,38.43603,5.6,32.0667,25.7767,0.142,135.09
2017-07-01,3,7,10.64171,38.43603,124.4,28.0484,22.7097,0.2061,116.42
2017-08-01,3,7,10.64171,38.43603,173.2,25.4161,21.4065,0.3353,105.12
2017-09-01,3,7,10.64171,38.43603,73.6,26.3233,21.82,0.3141,116.44
2017-10-01,3,7,10.64171,38.43603,1.9,29.271,24.3968,0.2168,130.04
2017-11-01,3,7,10.64171,38.43603,0.3,29.5667,23.9533,0.1647,127.41
2017-12-01,3,7,10.64171,38.43603,0.0,29.5258,22.8935,0.1562,136.38
2018-01-01,3,7,10.64171,38.43603,0.4,30.1581,23.9323,0.1436,136.06
2018-02-01,3,7,10.64171,38.43603,2.4,32.1964,25.275,0.1321,135.1
2018-03-01,3,7,10.64171,38.43603,2.1,33.3613,26.4452,0.1067,166.65
2018-04-01,3,7,10.64171,38.43603,13.0,33.29,26.4433,0.0908,157.49
2018-05-01,3,7,10.64171,38.43603,2.6,33.1032,26.7161,0.0838,158.85
2018-06-01,3,7,10.64171,38.43603,54.6,29.3667,23.4633,0.0936,116.41
2018-07-01,3,7,10.64171,38.43603,201.5,26.3968,21.7032,0.2708,105.68
2018-08-01,3,7,10.64171,38.43603,170.5,25.071,21.0419,0.3428,107.21
2018-09-01,3,7,10.64171,38.43603,54.4,27.7933,22.76,0.2988,123.63
2018-10-01,3,7,10.64171,38.43603,12.3,29.3613,24.2,0.2057,138.23
2018-11-01,3,7,10.64171,38.43603,5.8,29.7733,23.7367,0.1637,127.11
2018-12-01,3,7,10.64171,38.43603,0.1,30.3806,24.3323,0.1616,125.72
2019-01-01,3,7,10.64171,38.43603,0.0,31.6677,24.4452,0.1533,140.66
2019-02-01,3,7,10.64171,38.43603,9.4,32.6429,25.9393,0.1313,134.47
2019-03-01,3,7,10.64171,38.43603,12.8,33.0032,26.3742,0.1261,153.41
2019-04-01,3,7,10.64171,38.43603,42.9,32.6367,26.0967,0.1188,148.35
2019-05-01,3,7,10.64171,38.43603,17.0,32.3419,26.6645,0.1163,150.69
2019-06-01,3,7,10.64171,38.43603,44.6,29.45,24.2433,0.1569,116.86
2019-07-01,3,7,10.64171,38.43603,114.3,26.971,22.3742,0.1953,108.61
2019-08-01,3,7,10.64171,38.43603,214.8,24.6774,21.071,0.3593,97.54
2019-09-01,3,7,10.64171,38.43603,89.4,25.6933,21.52,0.3264,109.44
2019-10-01,3,7,10.64171,38.43603,17.3,29.1194,24.0645,0.2282,137.93
2019-11-01,3,7,10.64171,38.43603,12.9,29.5333,24.47,0.1715,120.14
2019-12-01,3,7,10.64171,38.43603,1.6,30.5387,24.3581,0.1512,131.33
