model,lead,RMSE,MAE,corr
CNN-LSTM,1,0.478,0.393,0.92
CNN-LSTM,2,0.604,0.486,0.863
CNN-LSTM,3,0.706,0.548,0.8
CNN-LSTM,4,0.774,0.598,0.752
CNN-LSTM,5,0.834,0.649,0.705
CNN-LSTM,6,0.902,0.71,0.638
Persistence,1,0.341,0.267,0.957
Persistence,2,0.525,0.411,0.899
Persistence,3,0.691,0.525,0.825
Persistence,4,0.847,0.648,0.737
Persistence,5,0.972,0.739,0.652
Persistence,6,1.089,0.835,0.564
Ridge,1,0.374,0.306,0.948
Ridge,2,0.532,0.429,0.89
Ridge,3,0.663,0.526,0.824
Ridge,4,0.761,0.587,0.76
Ridge,5,0.821,0.617,0.713
Ridge,6,0.871,0.655,0.669
