date,rain_mm
2000-01-01,5.891
2000-02-01,7.687
2000-03-01,14.083
2000-04-01,110.246
2000-05-01,49.478
2000-06-01,119.803
2000-07-01,328.669
2000-08-01,305.678
2000-09-01,158.805
2000-10-01,155.141
2000-11-01,38.698
2000-12-01,13.927
2001-01-01,4.836
2001-02-01,13.449
2001-03-01,47.827
2001-04-01,51.706
2001-05-01,95.906
2001-06-01,140.552
2001-07-01,359.975
2001-08-01,293.141
2001-09-01,115.2
2001-10-01,72.67
2001-11-01,11.428
2001-12-01,10.916
2002-01-01,14.594
2002-02-01,10.763
2002-03-01,62.59
2002-04-01,52.528
2002-05-01,31.617
2002-06-01,135.058
2002-07-01,298.719
2002-08-01,250.444
2002-09-01,125.266
2002-10-01,34.081
2002-11-01,7.762
2002-12-01,21.196
2003-01-01,7.169
2003-02-01,27.924
2003-03-01,58.842
2003-04-01,25.876
2003-05-01,17.176
2003-06-01,148.104
2003-07-01,283.845
2003-08-01,270.61
2003-09-01,175.728
2003-10-01,25.882
2003-11-01,13.572
2003-12-01,10.93
2004-01-01,10.097
2004-02-01,12.505
2004-03-01,31.445
2004-04-01,78.456
2004-05-01,28.966
2004-06-01,139.411
2004-07-01,286.196
2004-08-01,267.494
2004-09-01,151.115
2004-10-01,78.368
2004-11-01,21.125
2004-12-01,10.017
2005-01-01,10.133
2005-02-01,8.68
2005-03-01,76.222
2005-04-01,46.756
2005-05-01,55.614
2005-06-01,133.595
2005-07-01,307.253
2005-08-01,222.119
2005-09-01,171.457
2005-10-01,71.693
2005-11-01,28.445
2005-12-01,5.385
2006-01-01,6.304
2006-02-01,14.506
2006-03-01,60.207
2006-04-01,51.029
2006-05-01,112.647
2006-06-01,151.02
2006-07-01,388.405
2006-08-01,309.847
2006-09-01,193.147
2006-10-01,77.102
2006-11-01,24.605
2006-12-01,26.86
2007-01-01,10.645
2007-02-01,22.731
2007-03-01,38.053
2007-04-01,58.287
2007-05-01,137.064
2007-06-01,185.554
2007-07-01,302.025
2007-08-01,274.94
2007-09-01,175.941
2007-10-01,48.658
2007-11-01,7.45
2007-12-01,5.475
2008-01-01,12.871
2008-02-01,7.721
2008-03-01,11.347
2008-04-01,67.595
2008-05-01,176.537
2008-06-01,162.896
2008-07-01,331.252
2008-08-01,255.39
2008-09-01,154.994
2008-10-01,64.748
2008-11-01,35.234
2008-12-01,8.989
2009-01-01,7.612
2009-02-01,14.87
2009-03-01,42.256
2009-04-01,46.854
2009-05-01,31.508
2009-06-01,123.705
2009-07-01,294.01
2009-08-01,307.566
2009-09-01,94.056
2009-10-01,96.85
2009-11-01,8.017
2009-12-01,14.692
2010-01-01,11.007
2010-02-01,13.209
2010-03-01,30.994
2010-04-01,63.185
2010-05-01,121.942
2010-06-01,109.887
2010-07-01,346.176
2010-08-01,289.46
2010-09-01,175.875
2010-10-01,26.777
2010-11-01,13.04
2010-12-01,12.112
2011-01-01,12.125
2011-02-01,8.298
2011-03-01,49.215
2011-04-01,49.888
2011-05-01,151.534
2011-06-01,130.348
2011-07-01,289.928
2011-08-01,274.454
2011-09-01,163.236
2011-10-01,25.755
2011-11-01,58.179
2011-12-01,8.342
2012-01-01,6.656
2012-02-01,7.806
2012-03-01,50.719
2012-04-01,35.326
2012-05-01,46.504
2012-06-01,132.91
2012-07-01,338.457
2012-08-01,278.876
2012-09-01,172.516
2012-10-01,37.155
2012-11-01,28.345
2012-12-01,12.233
2013-01-01,7.974
2013-02-01,8.582
2013-03-01,20.887
2013-04-01,42.821
2013-05-01,102.083
2013-06-01,175.267
2013-07-01,363.741
2013-08-01,313.561
2013-09-01,104.843
2013-10-01,107.924
2013-11-01,32.367
2013-12-01,5.827
2014-01-01,7.838
2014-02-01,11.375
2014-03-01,76.543
2014-04-01,106.737
2014-05-01,191.354
2014-06-01,100.713
2014-07-01,239.362
2014-08-01,214.049
2014-09-01,185.583
2014-10-01,100.341
2014-11-01,11.816
2014-12-01,11.811
2015-01-01,8.306
2015-02-01,17.77
2015-03-01,39.347
2015-04-01,38.961
2015-05-01,158.779
2015-06-01,92.566
2015-07-01,154.689
2015-08-01,197.583
2015-09-01,135.948
2015-10-01,38.786
2015-11-01,32.614
2015-12-01,14.101
2016-01-01,6.152
2016-02-01,13.88
2016-03-01,27.618
2016-04-01,37.467
2016-05-01,209.967
2016-06-01,112.956
2016-07-01,323.307
2016-08-01,270.943
2016-09-01,110.906
2016-10-01,55.484
2016-11-01,7.795
2016-12-01,6.117
2017-01-01,6.217
2017-02-01,31.758
2017-03-01,39.16
2017-04-01,78.439
2017-05-01,154.636
2017-06-01,88.948
2017-07-01,344.716
2017-08-01,291.815
2017-09-01,163.609
2017-10-01,56.568
2017-11-01,15.572
2017-12-01,6.216
2018-01-01,6.893
2018-02-01,28.356
2018-03-01,29.744
2018-04-01,41.929
2018-05-01,97.97
2018-06-01,180.468
2018-07-01,303.439
2018-08-01,241.207
2018-09-01,130.575
2018-10-01,54.68
2018-11-01,41.304
2018-12-01,8.775
2019-01-01,5.695
2019-02-01,20.425
2019-03-01,56.829
2019-04-01,69.157
2019-05-01,97.627
2019-06-01,165.097
2019-07-01,269.915
2019-08-01,246.221
2019-09-01,222.033
2019-10-01,97.361
2019-11-01,46.62
2019-12-01,18.938
2020-01-01,7.652
2020-02-01,15.007
2020-03-01,47.023
2020-04-01,92.836
2020-05-01,119.866
2020-06-01,142.689
2020-07-01,294.418
2020-08-01,328.983
2020-09-01,183.126
2020-10-01,59.663
2020-11-01,17.929
2020-12-01,7.054
2021-01-01,7.019
2021-02-01,17.706
2021-03-01,21.515
2021-04-01,74.548
2021-05-01,134.811
2021-06-01,112.736
2021-07-01,359.035
2021-08-01,273.439
2021-09-01,148.955
2021-10-01,88.311
2021-11-01,16.083
2021-12-01,10.422
2022-01-01,18.398
2022-02-01,14.166
2022-03-01,37.795
2022-04-01,41.626
2022-05-01,40.715
2022-06-01,160.491
2022-07-01,317.33
2022-08-01,261.624
2022-09-01,150.518
2022-10-01,81.621
2022-11-01,13.759
2022-12-01,13.883
2023-01-01,7.526
2023-02-01,9.509
2023-03-01,61.63
2023-04-01,109.579
2023-05-01,155.146
2023-06-01,147.025
2023-07-01,359.197
2023-08-01,214.768
2023-09-01,144.263
2023-10-01,66.402
2023-11-01,40.86
2023-12-01,7.469
2024-01-01,18.903
2024-02-01,21.768
2024-03-01,49.338
2024-04-01,48.113
2024-05-01,84.239
2024-06-01,138.398
2024-07-01,338.168
2024-08-01,303.728
2024-09-01,148.815
2024-10-01,94.12
2024-11-01,37.183
2024-12-01,5.769
2025-01-01,5.877
2025-02-01,15.609
2025-03-01,49.291
2025-04-01,55.336
2025-05-01,93.19
2025-06-01,85.345
2025-07-01,313.416
2025-08-01,282.818
2025-09-01,168.055
2025-10-01,46.112
2025-11-01,11.76
2025-12-01,14.123
2026-01-01,8.252
2026-02-01,13.416
2026-03-01,74.151
2026-04-01,80.981
2026-05-01,116.478
