Year,Nino3.4-DJF,Nino3.4-MAM,Nino3.4-JJA,Nino3.4-SON,Nino3.4-annual,P-DJF (m),P-MAM (m),P-JJA (m),P-SON (m),P-c (mm/mon),T-DJF (K),T-MAM (K),T-JJA (K),T-SON (K),T-annual (0C),Sc-PDSI
1990,0.1,0.3,0.3,0.3,0.25,4.3999999999999999E-5,2.2499999999999999E-4,9.1090000000000008E-3,9.9299999999999996E-4,27.914367816091954,283.99163800000002,298.26886000000002,292.76458700000001,283.91494799999998,16.955885973981985,-1.6158999999999999
1991,0.4,0.3,0.7,0.8,0.55000000000000004,2.7700000000000001E-4,9.0300000000000005E-4,1.0323000000000001E-2,4.7699999999999999E-4,26.868103448275861,284.67529300000001,297.52926600000001,292.75778200000002,283.85513300000002,16.443750000000001,-1.9199083333333329
1992,1.7,1.3,0.4,-0.2,0.79999999999999993,6.9800000000000005E-4,1.3829999999999999E-3,6.9100000000000003E-3,2.5739999999999999E-3,42.156321839080448,283.41799900000001,297.63714599999997,293.17416400000002,283.07412699999998,15.480729166666665,-0.52393333333333336
1993,0.1,0.7,0.3,0.1,0.3,6.1799999999999995E-4,2.97E-3,8.1530000000000005E-3,3.0699999999999998E-3,49.135632183908051,283.82788099999999,295.29953,292.83056599999998,283.732574,16.469791666666666,-1.999716666666667
1994,0.1,0.3,0.4,0.7,0.375,3.8000000000000002E-5,3.4000000000000002E-4,1.3611E-2,6.6000000000000005E-5,51.107183908045968,283.73632800000001,298.595978,292.362976,283.45751999999999,16.82822056957799,-1.6981333333333331
1995,1,0.3,-0.2,-1,2.5000000000000022E-2,1.9999999999999999E-6,7.2900000000000005E-4,1.15E-2,1.8599999999999999E-4,54.470088819226767,284.01516700000002,297.91305499999999,292.92681900000002,284.21987899999999,17.155097322382481,-0.89100833333333329
1996,-0.9,-0.4,-0.3,-0.4,-0.5,5.8699999999999996E-4,7.3159999999999996E-3,9.4319999999999994E-3,5.0000000000000002E-5,69.269305120167189,283.41967799999998,295.497589,292.812073,284.11523399999999,17.003554854433759,-1.3971999999999998
1997,-0.5,0.3,1.6,2.2999999999999998,0.92500000000000004,6.6000000000000005E-5,1.126E-3,1.1018E-2,6.0020000000000004E-3,103.01052769070009,284.08654799999999,297.78466800000001,292.84539799999999,284.40969799999999,17.501080061431619,-9.7658333333333333E-2
1998,2.2000000000000002,1,-0.8,-1.4,0.25000000000000011,2.5799999999999998E-4,2.1480000000000002E-3,1.1949E-2,1.2229999999999999E-3,77.409456635318705,285.563019,297.93627900000001,292.82009900000003,284.33047499999998,17.385121345668217,-1.7240166666666668
1999,-1.5,-1,-1.1000000000000001,-1.3,-1.2250000000000001,6.3100000000000005E-4,2.0799999999999999E-4,1.1802999999999999E-2,2.64E-3,78.327298850574721,283.31133999999997,298.69638099999997,291.96078499999999,283.98818999999997,17.527381429334554,-0.74313333333333331
2000,-1.7,-0.8,-0.6,-0.6,-0.92500000000000004,1.9999999999999999E-6,1.2769999999999999E-3,8.77E-3,2.7490000000000001E-3,83.105459770114933,283.55239899999998,297.478027,292.76333599999998,283.84243800000002,17.008463541666664,-0.50870000000000004
2001,-0.7,-0.3,-0.1,-0.3,-0.35000000000000003,2.9E-5,8.3900000000000001E-4,1.3913999999999999E-2,3.0699999999999998E-4,75.612068965517238,283.92361499999998,298.19101000000001,292.312408,284.47323599999999,17.800204417977856,-2.1241750000000001
2002,-0.1,0.2,0.8,1.2,0.52500000000000002,3.6099999999999999E-4,2.0599999999999999E-4,7.3460000000000001E-3,4.8799999999999999E-4,68.243678160919544,283.66409299999998,298.776276,293.88665800000001,284.75872800000002,17.283005308493589,-2.4749499999999998
2003,0.9,0,0.1,0.3,0.32500000000000001,1.45E-4,2.5500000000000002E-4,8.456E-3,1.3200000000000001E-4,71.802298850574715,284.566956,298.97430400000002,292.64367700000003,284.23483299999998,17.930081881009617,-1.9609666666666667
2004,0.4,0.2,0.5,0.7,0.45,1.7799999999999999E-4,2.5700000000000001E-4,8.5660000000000007E-3,5.2300000000000003E-4,69.913793103448285,285.19601399999999,298.57003800000001,292.54126000000002,283.89102200000002,18.786942232572116,-0.64805000000000013
2005,0.6,0.4,-0.1,-0.3,0.15000000000000002,8.2000000000000001E-5,3.1159999999999998E-3,1.1551000000000001E-2,1.75E-4,76.3086206896552,284.604736,297.00613399999997,292.266144,284.26919600000002,19.190828450520836,-1.2364916666666668
2006,-0.9,-0.4,0.1,0.8,-9.9999999999999978E-2,1.5999999999999999E-5,1.8400000000000001E-3,1.4529E-2,1.005E-3,95.164942528735637,284.58123799999998,297.22195399999998,292.83303799999999,284.58386200000001,19.116626602564107,-0.5243000000000001
2007,0.7,-0.3,-0.6,-1.3,-0.375,3.6400000000000001E-4,2.8299999999999999E-4,1.2903E-2,9.0000000000000006E-5,89.39229362591432,284.488831,298.639679,292.19705199999999,283.562164,19.179351963141027,-0.94086666666666663
2008,-1.6,-1,-0.4,-0.4,-0.85,4.8500000000000003E-4,1.4829999999999999E-3,8.0730000000000003E-3,1.8420000000000001E-3,88.974712643678146,284.021027,297.226044,292.94409200000001,285.00613399999997,17.847325721153851,-1.3987333333333332
2009,-0.8,-0.3,0.5,1,9.9999999999999978E-2,5.1E-5,1.3200000000000001E-4,8.6630000000000006E-3,2.5010000000000002E-3,68.86452455590387,284.39562999999998,298.65469400000001,292.958282,284.47250400000001,18.217052283653846,-0.89822499999999994
2010,1.5,0.4,-1,-1.6,-0.17500000000000004,1.9000000000000001E-5,1.8140000000000001E-3,9.1579999999999995E-3,1.07E-4,90.187147335423191,283.85391199999998,298.291382,293.001465,284.177277,18.263992387820515,-0.95575833333333327
2011,-1.4,-0.7,-0.5,-1,-0.89999999999999991,2.4000000000000001E-4,1.062E-3,8.6250000000000007E-3,3.6000000000000001E-5,100.40258620689657,283.86566199999999,297.15707400000002,293.12914999999998,283.85363799999999,17.888487033799539,-1.0079583333333333
2012,-0.9,-0.5,0.2,0.3,-0.22499999999999998,1.5E-5,2.0270000000000002E-3,1.1842999999999999E-2,7.5500000000000003E-4,92.523197492163007,284.303223,297.85501099999999,292.854645,284.15783699999997,18.314739947552447,8.120000000000005E-2
2013,-0.4,-0.3,-0.4,-0.2,-0.32500000000000001,8.3999999999999995E-5,3.3599999999999998E-4,9.4459999999999995E-3,1.694E-3,104.24431034482755,284.47287,298.79538000000002,292.253174,283.85140999999999,17.85618990384615,0.90810769230769217
2014,-0.4,0,0,0.5,2.4999999999999994E-2,7.7000000000000001E-5,4.5589999999999997E-3,9.0039999999999999E-3,8.9400000000000005E-4,109.91149425287357,284.04959100000002,295.92440800000003,293.33270299999998,284.51806599999998,18.262199519230769,-2.3542000000000001
2015,0.5,0.7,1.5,2.4,1.2749999999999999,7.8999999999999996E-5,4.032E-3,5.2690000000000002E-3,4.1599999999999997E-4,92.92672413793106,284.08151199999998,297.135223,294.17105099999998,285.29986600000001,18.707706876456879,-3.6110000000000002
2016,2.5,0.9,-0.4,-0.7,0.57499999999999996,2.7300000000000002E-4,3.4139999999999999E-3,1.226E-2,1.9469999999999999E-3,101.18808777429466,285.01544200000001,296.62847900000003,292.721405,284.83944700000001,18.206936638394158,2.395
2017,-0.3,0.2,0.1,-0.7,-0.17499999999999999,3.9999999999999998E-6,1.0508999999999999E-2,6.8830000000000002E-3,4.1390000000000003E-3,96.614080459770108,283.591858,294.50735500000002,293.31668100000002,284.79684400000002,18.277148024908033,2.5785
2018,-0.9,-0.5,0.1,0.8,-0.12499999999999994,5.8E-5,6.78E-4,9.221E-3,3.1220000000000002E-3,95.262016718913287,283.91522200000003,298.11657700000001,292.79049700000002,284.33871499999998,17.935051081730769,-1.008
2019,0.7,0.7,0.3,0.3,0.5,1.9999999999999999E-6,3.2859999999999999E-3,1.1513000000000001E-2,7.4799999999999997E-4,88.126280041797287,284.21167000000003,297.46847500000001,293.05636600000003,283.87158199999999,16.897752540428325,1.2E-2
2020,0.5,0.2,-0.4,-1.2,-0.22500000000000001,2.61E-4,4.5380000000000004E-3,1.1049E-2,9.6100000000000005E-4,118.79195402298851,284.998627,296.77325400000001,292.79418900000002,284.64065599999998,16.017878605769226,0.91220000000000001
2021,-1,-0.7,-0.4,-0.8,-0.72500000000000009,1.9999999999999999E-6,2.836E-3,1.2758E-2,1.214E-3,77.810057471264372,283.76486199999999,295.47640999999999,292.64059400000002,284.534515,16.02648487580128,-0.98670000000000002
2022,-1,-1.1000000000000001,-0.8,-1,-0.97500000000000009,9.0000000000000006E-5,1.0900000000000001E-4,1.387E-2,5.0199999999999995E-4,28.752011494252876,283.71951300000001,298.89849900000002,292.36422700000003,283.92837500000002,13.232364282852561,2.1732999999999998
2023,-0.7,0.2,1.1000000000000001,1.8,0.60000000000000009,3.1999999999999999E-5,2.3310000000000002E-3,2.7190000000000001E-3,8.7299999999999997E-4,110.098,283.44741800000003,297.31823700000001,293.74169899999998,285.48519900000002,18.986229999999999,3.1242999999999999
2024,1.39,0.5,0.2,-0.22,0.46749999999999997,0.91
2025,-0.51,0.08,-0.21,-0.4,-0.26,2.34
2026,-0.02,1.0900000000000001,1.89,2.42,1.345,-2.76
