year,nino34_annual,scpdsi
1990,0.25,-1.616
1991,0.55,-1.92
1992,0.8,-0.524
1993,0.3,-2.0
1994,0.375,-1.698
1995,0.025,-0.891
1996,-0.5,-1.397
1997,0.925,-0.098
1998,0.25,-1.724
1999,-1.225,-0.743
2000,-0.925,-0.509
2001,-0.35,-2.124
2002,0.525,-2.475
2003,0.325,-1.961
2004,0.45,-0.648
2005,0.15,-1.236
2006,-0.1,-0.524
2007,-0.375,-0.941
2008,-0.85,-1.399
2009,0.1,-0.898
2010,-0.175,-0.956
2011,-0.9,-1.008
2012,-0.225,0.081
2013,-0.325,0.908
2014,0.025,-2.354
2015,1.275,-3.611
2016,0.575,2.395
2017,-0.175,2.579
2018,-0.125,-1.008
2019,0.5,0.012
2020,-0.225,0.912
2021,-0.725,-0.987
2022,-0.975,2.173
2023,0.6,3.124
2024,0.467,0.91
2025,-0.26,2.34
2026,1.345,-2.76
