year,cru,gauge,RCM,ECMWF
1999,289.04000000000002,17.600000000000001,291.14,290.18
2000,291.11,18.8,293.73,294.29000000000002
2001,290.49,18.3,291.62,292.83
2002,290.26,18.25,293.98,292.7
2003,290.2,17.649999999999999,290.64,289.72000000000003
2004,289.77999999999997,17.7,290.51,290.56
2005,289.64999999999998,18.100000000000001,289.29000000000002,290.17
2006,290.01,18,290.07,290.55
2007,289.57,18.149999999999999,290.74,293.12
2008,290.11,17.899999999999999,290.8,290.13
2009,290.23,17.53,292.10000000000002,291.82
2010,289.99,17.7,291.98,290.36
2011,290.12,18.5,289.89,291.48
2012,289.63,18.3,290.45999999999998,290.25
2013,289.77999999999997,17.489999999999998,291.81,290.72000000000003
2014,293.42,18.3,292.01,294.10000000000002
2015,289.98,18.2,290.13,290.74
2016,289.95999999999998,18.7,289.97000000000003,279.89
2017,289.73,18.2,290.87,290.11
2018,289.75,17.8,289.93,291.63
2019,290.14999999999998,17.899999999999999,290.3,291.52999999999997
2020,289.64,18.39,291.83999999999997,290.01
2021,289.61,18,289.93,290.87
2022,290.02999999999997,17.2,290.29000000000002,291.66000000000003
2024,289.76,17.100000000000001,289.45999999999998,291.98
