date,nino34,nino12,nino4,soi
2000-01-01,-1.41,-0.45,-1.16,1.1
2000-02-01,-1.26,-0.37,-1.19,2.7
2000-03-01,-1.07,-0.28,-1.16,2.2
2000-04-01,-0.81,-0.01,-1.01,2.0
2000-05-01,-0.84,-0.15,-0.96,0.6
2000-06-01,-0.55,-0.4,-0.51,-0.3
2000-07-01,-0.54,-0.62,-0.47,-0.3
2000-08-01,-0.35,-0.89,-0.34,1.2
2000-09-01,-0.33,0.01,-0.24,1.4
2000-10-01,-0.56,-0.46,-0.46,1.8
2000-11-01,-0.61,-1.05,-0.44,3.0
2000-12-01,-0.89,-0.91,-0.74,1.3
2001-01-01,-0.74,-0.43,-0.69,1.6
2001-02-01,-0.7,-0.43,-0.64,2.8
2001-03-01,-0.39,0.34,-0.5,1.5
2001-04-01,-0.26,0.32,-0.23,0.3
2001-05-01,-0.14,-0.88,-0.11,-0.8
2001-06-01,0.0,-0.86,0.02,0.5
2001-07-01,0.13,-0.79,0.29,-0.3
2001-08-01,0.07,-0.88,0.29,-0.7
2001-09-01,-0.04,-1.21,0.38,0.3
2001-10-01,0.13,-1.02,0.4,-0.1
2001-11-01,-0.11,-0.63,0.27,1.1
2001-12-01,-0.27,-0.69,0.08,-1.4
2002-01-01,0.01,-0.59,0.34,0.7
2002-02-01,0.15,-0.04,0.39,1.8
2002-03-01,0.22,0.76,0.35,-0.4
2002-04-01,0.28,0.41,0.57,-0.1
2002-05-01,0.4,0.37,0.6,-1.4
2002-06-01,0.65,0.17,0.67,-0.4
2002-07-01,0.66,-0.34,0.73,-0.8
2002-08-01,0.67,0.12,0.65,-1.6
2002-09-01,0.81,0.09,0.76,-1.0
2002-10-01,0.93,0.2,0.75,-0.6
2002-11-01,1.2,0.77,0.9,-0.7
2002-12-01,1.25,0.77,0.89,-1.8
2003-01-01,0.58,-0.39,0.51,-0.3
2003-02-01,0.68,-0.0,0.75,-1.1
2003-03-01,0.54,-0.07,0.7,-0.5
2003-04-01,0.22,-0.35,0.46,-0.2
2003-05-01,-0.26,-0.92,0.03,-0.5
2003-06-01,0.12,-0.9,0.28,-1.0
2003-07-01,0.26,-0.71,0.31,0.5
2003-08-01,0.3,0.17,0.36,0.2
2003-09-01,0.21,-0.66,0.37,-0.2
2003-10-01,0.49,0.03,0.52,0.0
2003-11-01,0.44,0.41,0.54,-0.5
2003-12-01,0.43,0.48,0.48,1.8
2004-01-01,0.43,0.22,0.54,-2.2
2004-02-01,0.36,0.13,0.5,2.0
2004-03-01,0.07,-0.68,0.15,0.7
2004-04-01,0.24,-0.45,0.33,-1.5
2004-05-01,0.19,-1.08,0.31,1.7
2004-06-01,0.27,-0.58,0.33,-1.4
2004-07-01,0.57,-0.65,0.59,-0.8
2004-08-01,0.65,-0.28,0.6,-0.5
2004-09-01,0.67,0.12,0.72,-0.6
2004-10-01,0.74,0.16,0.8,-0.1
2004-11-01,0.83,0.43,0.87,-1.1
2004-12-01,0.82,0.05,0.87,-1.3
2005-01-01,0.77,0.04,0.89,0.6
2005-02-01,0.48,-0.79,0.67,-5.2
2005-03-01,0.55,-0.97,0.63,0.5
2005-04-01,0.4,-0.29,0.47,-1.0
2005-05-01,0.33,-0.25,0.36,-1.3
2005-06-01,0.27,-0.31,0.35,0.7
2005-07-01,-0.02,-0.11,0.06,0.3
2005-08-01,0.07,-0.39,0.17,-0.6
2005-09-01,0.05,-0.42,0.21,0.6
2005-10-01,0.1,-1.09,0.27,2.0
2005-11-01,-0.26,-1.36,0.08,-0.3
2005-12-01,-0.65,-0.74,-0.18,-0.0
2006-01-01,-0.69,-0.2,-0.39,2.7
2006-02-01,-0.63,0.34,-0.56,0.2
2006-03-01,-0.62,0.01,-0.47,2.9
2006-04-01,-0.14,-1.31,-0.07,1.8
2006-05-01,0.02,-0.27,0.07,-0.8
2006-06-01,0.19,-0.05,0.29,-0.4
2006-07-01,0.26,0.33,0.32,-1.0
2006-08-01,0.51,0.58,0.53,-1.7
2006-09-01,0.66,0.92,0.63,-1.0
2006-10-01,0.76,1.22,0.67,-2.1
2006-11-01,0.99,0.75,0.87,0.1
2006-12-01,1.08,0.43,0.92,-0.5
2007-01-01,0.69,0.35,0.64,-1.3
2007-02-01,0.27,-0.04,0.44,-0.1
2007-03-01,0.06,-0.61,0.35,0.3
2007-04-01,-0.01,-0.82,0.23,-0.2
2007-05-01,-0.23,-1.32,0.08,-0.2
2007-06-01,-0.02,-1.38,0.17,0.9
2007-07-01,-0.24,-0.5,0.0,-0.5
2007-08-01,-0.53,-0.87,-0.17,0.7
2007-09-01,-0.9,-0.85,-0.52,0.3
2007-10-01,-1.07,-1.45,-0.65,1.2
2007-11-01,-1.36,-1.65,-0.97,1.4
2007-12-01,-1.42,-1.57,-1.04,2.7
2008-01-01,-1.6,-0.19,-1.26,2.9
2008-02-01,-1.64,0.47,-1.4,4.4
2008-03-01,-1.14,0.7,-1.13,2.4
2008-04-01,-0.89,0.69,-0.93,1.1
2008-05-01,-0.75,0.49,-0.84,-0.1
2008-06-01,-0.55,0.26,-0.63,1.0
2008-07-01,-0.17,0.71,-0.41,0.5
2008-08-01,-0.15,1.19,-0.33,1.7
2008-09-01,-0.29,0.96,-0.46,2.0
2008-10-01,-0.27,0.14,-0.36,2.1
2008-11-01,-0.39,-0.26,-0.48,2.2
2008-12-01,-0.74,-0.29,-0.63,2.4
2009-01-01,-0.86,-0.08,-0.78,1.8
2009-02-01,-0.65,-0.41,-0.5,3.1
2009-03-01,-0.58,-0.67,-0.4,0.7
2009-04-01,-0.15,0.54,-0.07,1.3
2009-05-01,0.22,0.22,0.21,-0.2
2009-06-01,0.54,0.69,0.46,0.2
2009-07-01,0.6,0.63,0.44,0.4
2009-08-01,0.61,0.75,0.64,-0.3
2009-09-01,0.63,0.52,0.65,0.5
2009-10-01,0.97,0.49,1.01,-2.0
2009-11-01,1.38,0.41,1.25,-1.0
2009-12-01,1.59,0.26,1.32,-1.2
2010-01-01,1.33,0.25,1.2,-1.8
2010-02-01,1.2,0.43,1.04,-2.4
2010-03-01,0.93,0.38,0.84,-1.1
2010-04-01,0.59,0.38,0.65,2.0
2010-05-01,0.0,0.3,0.2,1.5
2010-06-01,-0.38,0.14,-0.13,0.6
2010-07-01,-0.8,-0.6,-0.59,3.0
2010-08-01,-1.08,-1.01,-0.97,3.0
2010-09-01,-1.34,-0.97,-1.19,3.7
2010-10-01,-1.49,-1.15,-1.33,2.9
2010-11-01,-1.39,-1.12,-1.33,2.1
2010-12-01,-1.43,-0.78,-1.3,4.8
2011-01-01,-1.4,-0.3,-1.24,3.8
2011-02-01,-1.07,0.05,-0.92,4.5
2011-03-01,-0.79,-0.51,-0.64,4.2
2011-04-01,-0.65,0.23,-0.62,3.1
2011-05-01,-0.46,0.47,-0.44,0.6
2011-06-01,-0.21,0.74,-0.3,0.4
2011-07-01,-0.18,0.28,-0.3,1.6
2011-08-01,-0.56,-0.13,-0.48,0.7
2011-09-01,-0.69,-0.58,-0.67,1.7
2011-10-01,-0.9,-0.76,-0.75,1.2
2011-11-01,-0.92,-0.54,-0.68,1.8
2011-12-01,-0.99,-0.67,-0.98,4.1
2012-01-01,-0.91,-0.23,-0.97,1.8
2012-02-01,-0.64,0.45,-0.68,0.8
2012-03-01,-0.53,0.02,-0.57,1.2
2012-04-01,-0.29,0.96,-0.28,-0.4
2012-05-01,-0.21,0.82,-0.24,0.1
2012-06-01,0.05,1.07,-0.11,-0.7
2012-07-01,0.23,0.63,-0.01,-0.1
2012-08-01,0.45,0.29,0.3,-0.3
2012-09-01,0.29,0.26,0.24,0.4
2012-10-01,0.26,-0.23,0.33,0.5
2012-11-01,0.33,-0.61,0.36,0.4
2012-12-01,-0.01,-0.9,0.19,-1.0
2013-01-01,-0.3,-0.36,-0.05,-0.1
2013-02-01,-0.37,-0.39,-0.11,-0.4
2013-03-01,-0.23,-0.35,-0.26,2.5
2013-04-01,-0.09,-1.1,0.0,0.4
2013-05-01,-0.25,-1.21,-0.1,1.3
2013-06-01,-0.28,-1.33,-0.13,2.0
2013-07-01,-0.23,-1.06,-0.15,1.3
2013-08-01,-0.34,-0.63,-0.1,0.3
2013-09-01,-0.1,-0.71,0.06,0.5
2013-10-01,-0.15,-0.53,0.09,-0.1
2013-11-01,0.12,-0.38,0.27,1.2
2013-12-01,-0.16,-0.28,-0.11,0.1
2014-01-01,-0.25,0.35,-0.05,2.4
2014-02-01,-0.23,-0.36,0.2,0.1
2014-03-01,0.12,-0.13,0.36,-1.5
2014-04-01,0.44,0.12,0.5,1.3
2014-05-01,0.53,1.04,0.56,0.9
2014-06-01,0.41,1.4,0.43,0.3
2014-07-01,0.13,1.15,0.15,-0.3
2014-08-01,0.15,0.85,0.26,-1.2
2014-09-01,0.31,0.46,0.34,-1.2
2014-10-01,0.45,0.47,0.4,-1.0
2014-11-01,0.84,0.78,0.74,-1.5
2014-12-01,0.78,0.15,0.73,-0.9
2015-01-01,0.63,-0.04,0.72,-1.4
2015-02-01,0.67,-0.5,0.88,0.4
2015-03-01,0.74,-0.03,0.92,-1.2
2015-04-01,1.07,1.02,1.13,-0.1
2015-05-01,1.1,1.66,1.08,-1.2
2015-06-01,1.23,2.18,1.09,-0.9
2015-07-01,1.35,2.26,1.03,-1.9
2015-08-01,1.49,1.73,1.04,-2.4
2015-09-01,1.67,2.12,1.12,-2.7
2015-10-01,1.91,2.21,1.31,-2.8
2015-11-01,2.21,2.3,1.58,-0.8
2015-12-01,2.13,2.08,1.48,-0.9
2016-01-01,2.13,1.56,1.44,-3.6
2016-02-01,1.87,1.18,1.39,-3.2
2016-03-01,1.5,1.14,1.2,-0.1
2016-04-01,1.08,0.52,0.96,-2.0
2016-05-01,0.63,0.48,0.75,0.7
2016-06-01,0.37,0.98,0.58,1.1
2016-07-01,0.01,0.29,0.36,0.7
2016-08-01,-0.1,0.34,0.22,1.2
2016-09-01,-0.21,0.56,-0.03,2.0
2016-10-01,-0.39,0.33,-0.19,-0.4
2016-11-01,-0.37,0.56,-0.19,-0.2
2016-12-01,-0.17,0.64,0.01,0.5
2017-01-01,-0.23,1.07,-0.02,0.3
2017-02-01,0.22,1.44,0.33,-0.1
2017-03-01,0.18,1.73,0.2,1.5
2017-04-01,0.35,1.07,0.32,-0.3
2017-05-01,0.4,0.81,0.36,0.4
2017-06-01,0.45,0.25,0.56,-0.7
2017-07-01,0.38,0.06,0.47,1.3
2017-08-01,0.05,-0.02,0.27,0.9
2017-09-01,-0.2,-0.35,0.09,1.0
2017-10-01,-0.12,-0.53,0.1,1.5
2017-11-01,-0.44,-0.62,-0.04,1.5
2017-12-01,-0.65,-0.85,-0.27,-0.2
2018-01-01,-0.64,-0.87,-0.23,1.8
2018-02-01,-0.48,-0.22,-0.1,-0.8
2018-03-01,-0.49,-0.85,-0.1,2.4
2018-04-01,-0.11,-0.37,0.24,0.8
2018-05-01,0.18,0.02,0.43,0.6
2018-06-01,0.31,-0.12,0.43,-0.2
2018-07-01,0.39,0.25,0.44,0.4
2018-08-01,0.35,0.06,0.6,-0.5
2018-09-01,0.5,0.41,0.68,-1.5
2018-10-01,1.01,0.36,1.06,0.6
2018-11-01,1.15,0.97,1.08,-0.1
2018-12-01,1.1,1.05,1.07,1.7
2019-01-01,0.88,0.84,0.93,-0.1
2019-02-01,0.87,0.89,0.97,-2.3
2019-03-01,0.92,0.29,0.85,-0.5
2019-04-01,0.82,0.57,0.83,0.2
2019-05-01,0.83,0.61,0.89,-0.7
2019-06-01,0.8,0.14,0.99,-0.7
2019-07-01,0.65,-0.18,0.93,-0.6
2019-08-01,0.35,-0.22,0.68,-0.2
2019-09-01,0.18,-0.34,0.52,-1.9
2019-10-01,0.78,-0.52,0.96,-0.6
2019-11-01,0.82,0.11,0.94,-1.4
2019-12-01,0.73,0.19,0.93,-0.9
2020-01-01,0.84,0.31,1.08,0.3
2020-02-01,0.67,0.29,1.02,-0.1
2020-03-01,0.65,0.15,0.83,-0.2
2020-04-01,0.66,0.55,0.78,0.3
2020-05-01,0.05,0.21,0.32,0.7
2020-06-01,-0.05,-0.32,0.3,-0.6
2020-07-01,0.08,-0.84,0.29,0.7
2020-08-01,-0.29,-0.51,-0.02,1.8
2020-09-01,-0.66,-0.74,-0.35,1.5
2020-10-01,-0.9,-0.55,-0.58,0.8
2020-11-01,-0.89,-0.5,-0.48,1.1
2020-12-01,-1.02,-0.65,-0.82,3.0
2021-01-01,-1.12,-0.62,-1.1,3.2
2021-02-01,-1.0,-0.52,-0.84,2.5
2021-03-01,-0.64,-0.31,-0.52,0.6
2021-04-01,-0.47,-0.98,-0.22,0.6
2021-05-01,-0.25,-0.46,-0.08,0.8
2021-06-01,-0.03,-0.05,-0.01,0.7
2021-07-01,-0.18,0.05,-0.12,2.3
2021-08-01,-0.36,-0.14,-0.17,1.0
2021-09-01,-0.49,-0.29,-0.35,1.3
2021-10-01,-0.74,-0.61,-0.52,1.2
2021-11-01,-0.69,-0.91,-0.49,1.6
2021-12-01,-0.89,-1.44,-0.6,2.5
2022-01-01,-0.56,-0.62,-0.1,0.8
2022-02-01,-0.55,-0.99,-0.14,1.8
2022-03-01,-0.67,-0.1,-0.51,2.9
2022-04-01,-0.74,-0.97,-0.59,2.8
2022-05-01,-0.78,-1.01,-0.62,2.4
2022-06-01,-0.52,-1.01,-0.48,2.8
2022-07-01,-0.5,-0.42,-0.61,1.3
2022-08-01,-0.8,-0.1,-0.76,1.7
2022-09-01,-0.93,-0.44,-0.87,2.7
2022-10-01,-0.83,-1.22,-0.78,2.8
2022-11-01,-0.74,-0.82,-0.59,0.5
2022-12-01,-0.63,-0.41,-0.49,3.5
2023-01-01,-0.57,-0.17,-0.45,2.3
2023-02-01,-0.47,0.84,-0.5,2.3
2023-03-01,-0.08,1.46,-0.15,0.3
2023-04-01,0.25,2.47,0.26,0.4
2023-05-01,0.49,2.17,0.36,-1.7
2023-06-01,0.86,2.46,0.67,0.4
2023-07-01,0.97,2.57,0.67,-0.4
2023-08-01,1.2,2.54,0.9,-1.4
2023-09-01,1.41,2.12,1.06,-2.1
2023-10-01,1.51,2.18,1.12,-0.8
2023-11-01,1.86,2.14,1.39,-1.3
2023-12-01,1.76,1.42,1.38,-0.4
2024-01-01,1.64,1.27,1.36,0.8
2024-02-01,1.39,1.08,1.28,-2.3
2024-03-01,1.04,0.53,1.03,0.6
2024-04-01,0.98,0.24,1.06,-0.3
2024-05-01,0.5,-0.62,0.76,0.8
2024-06-01,0.37,-0.46,0.72,0.1
2024-07-01,0.4,-0.43,0.69,-1.2
2024-08-01,0.19,-0.11,0.56,1.5
2024-09-01,-0.1,-0.5,0.25,-0.2
2024-10-01,-0.01,0.03,0.22,0.8
2024-11-01,-0.03,0.08,0.24,0.8
2024-12-01,-0.52,-0.01,-0.3,1.9
2025-01-01,-0.64,-0.21,-0.53,0.3
2025-02-01,-0.42,0.56,-0.37,0.9
2025-03-01,0.04,1.01,-0.11,2.8
2025-04-01,-0.05,0.42,-0.03,0.9
2025-05-01,0.07,0.01,0.19,0.7
2025-06-01,0.15,0.27,0.31,0.5
2025-07-01,0.14,0.16,0.29,1.0
2025-08-01,-0.15,0.0,0.04,0.7
2025-09-01,-0.32,-0.11,-0.05,0.1
2025-10-01,-0.42,-0.21,-0.24,1.9
2025-11-01,-0.54,-0.34,-0.35,1.8
2025-12-01,-0.39,-0.5,-0.09,-0.0
2026-01-01,-0.4,-0.26,0.04,1.8
2026-02-01,-0.02,0.58,0.32,2.4
2026-03-01,0.22,0.93,0.55,2.0
2026-04-01,0.74,1.13,1.12,-1.1
2026-05-01,1.09,1.51,1.23,-1.5
2026-06-01,1.58,2.48,1.53,-2.4
